distortion,index,distorted_path,reference_path,dmos,dmos_realigned,dmos_realigned_std
jpeg_2000,1,jp2k/img1.bmp,refimgs/buildings.bmp,0.0,0.0,0.0
jpeg_2000,2,jp2k/img2.bmp,refimgs/studentsculpture.bmp,28.00384535689855,15.512954417537028,1.6294556597749836
jpeg_2000,3,jp2k/img3.bmp,refimgs/rapids.bmp,34.01073628022137,24.09025497677203,1.7384717298751982
jpeg_2000,4,jp2k/img4.bmp,refimgs/dancers.bmp,65.13140970686972,68.99086164929872,2.6202145100126977
jpeg_2000,5,jp2k/img5.bmp,refimgs/churchandcapitol.bmp,68.9113403034779,74.39794796497739,2.1280246055850447
jpeg_2000,6,jp2k/img6.bmp,refimgs/dancers.bmp,65.15010253306134,69.2292141708657,2.4234375332095834
jpeg_2000,7,jp2k/img7.bmp,refimgs/churchandcapitol.bmp,54.39726604294797,53.57873192014601,2.2871613424573773
jpeg_2000,8,jp2k/img8.bmp,refimgs/stream.bmp,44.39714490163311,39.37667556675135,2.9727376233002434
jpeg_2000,9,jp2k/img9.bmp,refimgs/cemetry.bmp,0.0,0.0,0.0
jpeg_2000,10,jp2k/img10.bmp,refimgs/woman.bmp,47.430013761380415,43.42259860497224,1.8976515719886171
jpeg_2000,11,jp2k/img11.bmp,refimgs/lighthouse2.bmp,0.0,0.0,0.0
jpeg_2000,12,jp2k/img12.bmp,refimgs/sailing3.bmp,41.412498424737386,34.802951811201964,2.8491496202582303
jpeg_2000,13,jp2k/img13.bmp,refimgs/buildings.bmp,49.581143139311585,46.684096124058215,1.9798755741482426
jpeg_2000,14,jp2k/img14.bmp,refimgs/paintedhouse.bmp,48.84324745450706,45.67949064903939,2.89653390984239
jpeg_2000,15,jp2k/img15.bmp,refimgs/bikes.bmp,26.13791357747473,12.692083542828541,2.0934379590624377
jpeg_2000,16,jp2k/img16.bmp,refimgs/ocean.bmp,0.0,0.0,0.0
jpeg_2000,17,jp2k/img17.bmp,refimgs/stream.bmp,62.47870390031039,65.23107378633902,2.3035207833041254
jpeg_2000,18,jp2k/img18.bmp,refimgs/carnivaldolls.bmp,37.598876406688994,29.39224918059548,2.1281480218326507
jpeg_2000,19,jp2k/img19.bmp,refimgs/sailing1.bmp,19.966622257732258,3.8890621428635583,1.7382838028873744
jpeg_2000,20,jp2k/img20.bmp,refimgs/house.bmp,0.0,0.0,0.0
jpeg_2000,21,jp2k/img21.bmp,refimgs/coinsinfountain.bmp,32.69469883824849,22.461157863083844,2.415602535276761
jpeg_2000,22,jp2k/img22.bmp,refimgs/monarch.bmp,0.0,0.0,0.0
jpeg_2000,23,jp2k/img23.bmp,refimgs/woman.bmp,41.92234749404617,35.59966912005858,2.204276955827919
jpeg_2000,24,jp2k/img24.bmp,refimgs/building2.bmp,0.0,0.0,0.0
jpeg_2000,25,jp2k/img25.bmp,refimgs/caps.bmp,0.0,0.0,0.0
jpeg_2000,26,jp2k/img26.bmp,refimgs/manfishing.bmp,25.341009535173676,11.714566786308875,1.5336433982143336
jpeg_2000,27,jp2k/img27.bmp,refimgs/house.bmp,50.83957042048765,48.4017211733363,2.3058602871669107
jpeg_2000,28,jp2k/img28.bmp,refimgs/coinsinfountain.bmp,66.46194643940952,70.94908661426099,1.9975010620796416
jpeg_2000,29,jp2k/img29.bmp,refimgs/buildings.bmp,61.41371716607372,63.644935917203554,1.6382322934715163
jpeg_2000,30,jp2k/img30.bmp,refimgs/building2.bmp,69.29851565600342,75.20085071703139,1.581241601321203
jpeg_2000,31,jp2k/img31.bmp,refimgs/ocean.bmp,33.27987227548807,23.258787473568603,1.748306014038223
jpeg_2000,32,jp2k/img32.bmp,refimgs/rapids.bmp,70.19193144078119,76.28674666689452,1.8805085144937823
jpeg_2000,33,jp2k/img33.bmp,refimgs/buildings.bmp,53.846299781912535,52.785636451117234,1.8497706238989116
jpeg_2000,34,jp2k/img34.bmp,refimgs/studentsculpture.bmp,23.29290129605595,8.613511703300915,1.669838891269479
jpeg_2000,35,jp2k/img35.bmp,refimgs/paintedhouse.bmp,0.0,0.0,0.0
jpeg_2000,36,jp2k/img36.bmp,refimgs/manfishing.bmp,0.0,0.0,0.0
jpeg_2000,37,jp2k/img37.bmp,refimgs/ocean.bmp,35.026816689501125,25.854249036910815,2.534981040961189
jpeg_2000,38,jp2k/img38.bmp,refimgs/sailing3.bmp,62.9003588494039,65.85757417524141,1.6871542451208674
jpeg_2000,39,jp2k/img39.bmp,refimgs/sailing4.bmp,35.77898514989975,26.960368393676966,2.345051667857986
jpeg_2000,40,jp2k/img40.bmp,refimgs/paintedhouse.bmp,69.8705581579566,75.7811284764878,2.4115967331354446
jpeg_2000,41,jp2k/img41.bmp,refimgs/building2.bmp,47.53287130842447,43.696253511551454,1.9699127089403106
jpeg_2000,42,jp2k/img42.bmp,refimgs/womanhat.bmp,54.860028833296795,54.17424655185858,1.6834654914668363
jpeg_2000,43,jp2k/img43.bmp,refimgs/sailing1.bmp,64.16748927763923,67.6967798207526,2.210567083711034
jpeg_2000,44,jp2k/img44.bmp,refimgs/flowersonih35.bmp,67.00586811025651,71.61970727692339,2.7263041160692696
jpeg_2000,45,jp2k/img45.bmp,refimgs/churchandcapitol.bmp,68.7833586829139,74.14564153374137,2.5828698184102787
jpeg_2000,46,jp2k/img46.bmp,refimgs/cemetry.bmp,67.97348672924605,73.09174201136065,2.0347093381371795
jpeg_2000,47,jp2k/img47.bmp,refimgs/house.bmp,50.5485771265556,48.08894690810563,2.3128767906360443
jpeg_2000,48,jp2k/img48.bmp,refimgs/cemetry.bmp,70.96122360468537,77.32511548366256,1.8648146563915367
jpeg_2000,49,jp2k/img49.bmp,refimgs/caps.bmp,26.673302485106476,13.501078103650578,2.372541157742341
jpeg_2000,50,jp2k/img50.bmp,refimgs/parrots.bmp,0.0,0.0,0.0
jpeg_2000,51,jp2k/img51.bmp,refimgs/lighthouse.bmp,31.359966179310835,20.52307378942626,1.8852576810953185
jpeg_2000,52,jp2k/img52.bmp,refimgs/sailing4.bmp,52.455399306801034,51.011385213379874,2.6590215768236503
jpeg_2000,53,jp2k/img53.bmp,refimgs/plane.bmp,60.60039324353364,62.47597192836157,2.5765818471127178
jpeg_2000,54,jp2k/img54.bmp,refimgs/coinsinfountain.bmp,0.0,0.0,0.0
jpeg_2000,55,jp2k/img55.bmp,refimgs/sailing2.bmp,49.04623820958027,46.03974281634614,3.08598252270823
jpeg_2000,56,jp2k/img56.bmp,refimgs/monarch.bmp,45.830525538482604,41.28402576683269,2.5946780154648166
jpeg_2000,57,jp2k/img57.bmp,refimgs/plane.bmp,0.0,0.0,0.0
jpeg_2000,58,jp2k/img58.bmp,refimgs/plane.bmp,21.24474002721652,5.651469652190897,2.293305808640885
jpeg_2000,59,jp2k/img59.bmp,refimgs/sailing2.bmp,24.26413610892305,10.109294080950896,1.7047262519099886
jpeg_2000,60,jp2k/img60.bmp,refimgs/studentsculpture.bmp,61.178399664208015,63.376792364010086,2.0413714574914246
jpeg_2000,61,jp2k/img61.bmp,refimgs/monarch.bmp,32.095586985956885,21.45709519844654,2.64991255200665
jpeg_2000,62,jp2k/img62.bmp,refimgs/sailing2.bmp,21.737392404967196,6.320751746555565,1.4581884882202256
jpeg_2000,63,jp2k/img63.bmp,refimgs/manfishing.bmp,37.97355042079033,30.07521146577485,2.2640576624871542
jpeg_2000,64,jp2k/img64.bmp,refimgs/rapids.bmp,0.0,0.0,0.0
jpeg_2000,65,jp2k/img65.bmp,refimgs/dancers.bmp,74.71223055356742,82.98273370788652,1.6169172127679154
jpeg_2000,66,jp2k/img66.bmp,refimgs/sailing1.bmp,0.0,0.0,0.0
jpeg_2000,67,jp2k/img67.bmp,refimgs/carnivaldolls.bmp,0.0,0.0,0.0
jpeg_2000,68,jp2k/img68.bmp,refimgs/caps.bmp,34.49728356748708,24.82662376759264,2.665264261608864
jpeg_2000,69,jp2k/img69.bmp,refimgs/ocean.bmp,21.33143389738949,5.909674455410709,1.7423359627583637
jpeg_2000,70,jp2k/img70.bmp,refimgs/sailing4.bmp,0.0,0.0,0.0
jpeg_2000,71,jp2k/img71.bmp,refimgs/stream.bmp,72.81703406181643,80.121282737048,2.226784365003649
jpeg_2000,72,jp2k/img72.bmp,refimgs/lighthouse.bmp,0.0,0.0,0.0
jpeg_2000,73,jp2k/img73.bmp,refimgs/bikes.bmp,0.0,0.0,0.0
jpeg_2000,74,jp2k/img74.bmp,refimgs/lighthouse2.bmp,53.34011511136505,52.08982994049394,2.1836601240947577
jpeg_2000,75,jp2k/img75.bmp,refimgs/womanhat.bmp,25.03062047966861,11.035277608283096,1.7855426601282673
jpeg_2000,76,jp2k/img76.bmp,refimgs/woman.bmp,0.0,0.0,0.0
jpeg_2000,77,jp2k/img77.bmp,refimgs/coinsinfountain.bmp,25.984026524750178,12.523344239786702,1.7103334644737602
jpeg_2000,78,jp2k/img78.bmp,refimgs/bikes.bmp,38.46900882932819,30.57070176854073,1.9836351092391096
jpeg_2000,79,jp2k/img79.bmp,refimgs/carnivaldolls.bmp,72.09944236071443,79.16743675958445,1.6392524977456093
jpeg_2000,80,jp2k/img80.bmp,refimgs/house.bmp,31.491968912059583,20.56698474721343,2.572737546434337
jpeg_2000,81,jp2k/img81.bmp,refimgs/rapids.bmp,48.34116741829985,44.74511025359578,1.777116388196908
jpeg_2000,82,jp2k/img82.bmp,refimgs/paintedhouse.bmp,25.09633165601088,11.339054336612762,2.0920966720812957
jpeg_2000,83,jp2k/img83.bmp,refimgs/caps.bmp,46.584322447755405,42.36932036075071,2.624627634453675
jpeg_2000,84,jp2k/img84.bmp,refimgs/dancers.bmp,0.0,0.0,0.0
jpeg_2000,85,jp2k/img85.bmp,refimgs/parrots.bmp,30.00013497962475,18.563119639992887,2.4495771438577276
jpeg_2000,86,jp2k/img86.bmp,refimgs/flowersonih35.bmp,70.25982518032612,76.23532996373504,3.0818774275371803
jpeg_2000,87,jp2k/img87.bmp,refimgs/studentsculpture.bmp,0.0,0.0,0.0
jpeg_2000,88,jp2k/img88.bmp,refimgs/sailing1.bmp,63.015324512867245,66.04417836262544,1.7911191371788184
jpeg_2000,89,jp2k/img89.bmp,refimgs/flowersonih35.bmp,0.0,0.0,0.0
jpeg_2000,90,jp2k/img90.bmp,refimgs/sailing4.bmp,25.295827176091436,11.324709943682542,1.242815142725972
jpeg_2000,91,jp2k/img91.bmp,refimgs/lighthouse.bmp,50.96704009742991,48.72445543811661,2.2882016663254263
jpeg_2000,92,jp2k/img92.bmp,refimgs/statue.bmp,42.60054761405774,36.651332405233276,2.023303204131381
jpeg_2000,93,jp2k/img93.bmp,refimgs/sailing2.bmp,0.0,0.0,0.0
jpeg_2000,94,jp2k/img94.bmp,refimgs/manfishing.bmp,38.2549339043671,30.248805104886298,2.746299163838925
jpeg_2000,95,jp2k/img95.bmp,refimgs/statue.bmp,0.0,0.0,0.0
jpeg_2000,96,jp2k/img96.bmp,refimgs/parrots.bmp,39.494391716246966,32.25567981412338,1.8398196241604952
jpeg_2000,97,jp2k/img97.bmp,refimgs/womanhat.bmp,0.0,0.0,0.0
jpeg_2000,98,jp2k/img98.bmp,refimgs/cemetry.bmp,46.735191875993586,42.538558970763944,2.359314266888291
jpeg_2000,99,jp2k/img99.bmp,refimgs/womanhat.bmp,52.00419635496926,50.18890942469288,1.8988332171492361
jpeg_2000,100,jp2k/img100.bmp,refimgs/sailing3.bmp,0.0,0.0,0.0
jpeg_2000,101,jp2k/img101.bmp,refimgs/parrots.bmp,24.276408809776598,10.234730985641715,2.573830473381816
jpeg_2000,102,jp2k/img102.bmp,refimgs/statue.bmp,21.882621655468572,6.724372369964854,1.7475430707025277
jpeg_2000,103,jp2k/img103.bmp,refimgs/lighthouse2.bmp,24.35211475827056,10.088204403320535,1.7457574719224596
jpeg_2000,104,jp2k/img104.bmp,refimgs/woman.bmp,49.72531306132735,46.68236218261797,2.8738845802987463
jpeg_2000,105,jp2k/img105.bmp,refimgs/monarch.bmp,22.286566625183454,7.557459980934176,1.502395833867887
jpeg_2000,106,jp2k/img106.bmp,refimgs/lighthouse.bmp,50.87767308591221,48.61615667390731,1.833030331651834
jpeg_2000,107,jp2k/img107.bmp,refimgs/building2.bmp,72.58409006589069,79.84747926885252,1.5312084849700591
jpeg_2000,108,jp2k/img108.bmp,refimgs/carnivaldolls.bmp,47.47269421075874,43.66138899674546,2.5969207453125294
jpeg_2000,109,jp2k/img109.bmp,refimgs/sailing3.bmp,42.0193414153924,35.73735899461327,2.231198812660149
jpeg_2000,110,jp2k/img110.bmp,refimgs/churchandcapitol.bmp,0.0,0.0,0.0
jpeg_2000,111,jp2k/img111.bmp,refimgs/flowersonih35.bmp,28.188842568104352,15.82182560398103,2.2088466134765588
jpeg_2000,112,jp2k/img112.bmp,refimgs/stream.bmp,0.0,0.0,0.0
jpeg_2000,113,jp2k/img113.bmp,refimgs/plane.bmp,25.90239364449977,12.564926162224069,1.8290363408434827
jpeg_2000,114,jp2k/img114.bmp,refimgs/lighthouse2.bmp,26.102063914116645,12.80273252847908,1.8941454247335372
jpeg_2000,115,jp2k/img115.bmp,refimgs/bikes.bmp,63.79745841280577,67.09045174168914,1.9142334124592446
jpeg_2000,116,jp2k/img116.bmp,refimgs/statue.bmp,49.7286281585553,46.92014897186908,2.208465826879465
jpeg_2000,117,jp2k/img117.bmp,refimgs/paintedhouse.bmp,0.0,0.0,0.0
jpeg_2000,118,jp2k/img118.bmp,refimgs/cemetry.bmp,0.0,0.0,0.0
jpeg_2000,119,jp2k/img119.bmp,refimgs/building2.bmp,0.0,0.0,0.0
jpeg_2000,120,jp2k/img120.bmp,refimgs/ocean.bmp,42.50096821620306,40.33848092661777,2.5144703347394013
jpeg_2000,121,jp2k/img121.bmp,refimgs/manfishing.bmp,73.25236622149215,91.37246032042904,2.169018040789497
jpeg_2000,122,jp2k/img122.bmp,refimgs/caps.bmp,53.456099322122625,58.55909813379443,2.24235949316875
jpeg_2000,123,jp2k/img123.bmp,refimgs/buildings.bmp,0.0,0.0,0.0
jpeg_2000,124,jp2k/img124.bmp,refimgs/carnivaldolls.bmp,49.46765176998484,52.154629253222005,2.824871360866682
jpeg_2000,125,jp2k/img125.bmp,refimgs/cemetry.bmp,33.473161094142995,25.72392003888736,2.2087475131800747
jpeg_2000,126,jp2k/img126.bmp,refimgs/rapids.bmp,24.6248388210791,10.712712959196345,2.4122139735474715
jpeg_2000,127,jp2k/img127.bmp,refimgs/parrots.bmp,63.270890480446255,74.95826410045794,2.678992775011636
jpeg_2000,128,jp2k/img128.bmp,refimgs/churchandcapitol.bmp,0.0,0.0,0.0
jpeg_2000,129,jp2k/img129.bmp,refimgs/bikes.bmp,27.447221923138954,15.242823326616556,2.6084994060170716
jpeg_2000,130,jp2k/img130.bmp,refimgs/sailing3.bmp,43.718266431018314,42.497069418167996,2.25375359883815
jpeg_2000,131,jp2k/img131.bmp,refimgs/house.bmp,0.0,0.0,0.0
jpeg_2000,132,jp2k/img132.bmp,refimgs/building2.bmp,31.5595687109197,22.538784832597898,2.729292865537815
jpeg_2000,133,jp2k/img133.bmp,refimgs/bikes.bmp,42.16153847609955,40.04985108989743,2.8755512077157013
jpeg_2000,134,jp2k/img134.bmp,refimgs/woman.bmp,0.0,0.0,0.0
jpeg_2000,135,jp2k/img135.bmp,refimgs/rapids.bmp,69.3198883772806,84.91378457435593,1.9833464296340195
jpeg_2000,136,jp2k/img136.bmp,refimgs/sailing1.bmp,38.49937916871746,33.81064694785772,2.9167533022822263
jpeg_2000,137,jp2k/img137.bmp,refimgs/lighthouse2.bmp,54.482323340813736,60.61338357551887,2.921668026025761
jpeg_2000,138,jp2k/img138.bmp,refimgs/sailing2.bmp,51.98430097914189,56.3267477648128,2.8310927377124657
jpeg_2000,139,jp2k/img139.bmp,refimgs/plane.bmp,0.0,0.0,0.0
jpeg_2000,140,jp2k/img140.bmp,refimgs/ocean.bmp,0.0,0.0,0.0
jpeg_2000,141,jp2k/img141.bmp,refimgs/sailing2.bmp,21.787298417648113,6.153192300554039,2.2087697469289402
jpeg_2000,142,jp2k/img142.bmp,refimgs/studentsculpture.bmp,44.62558143068395,43.99770274794575,3.033969902950827
jpeg_2000,143,jp2k/img143.bmp,refimgs/manfishing.bmp,45.096844698952275,44.77638094880946,2.265223744456852
jpeg_2000,144,jp2k/img144.bmp,refimgs/house.bmp,57.47745564091386,65.45198981342284,2.7707040555151274
jpeg_2000,145,jp2k/img145.bmp,refimgs/parrots.bmp,0.0,0.0,0.0
jpeg_2000,146,jp2k/img146.bmp,refimgs/rapids.bmp,51.928846132839226,56.161238884900456,1.8585286894749689
jpeg_2000,147,jp2k/img147.bmp,refimgs/sailing3.bmp,0.0,0.0,0.0
jpeg_2000,148,jp2k/img148.bmp,refimgs/carnivaldolls.bmp,24.89895706986431,11.46973848743795,2.079414261881199
jpeg_2000,149,jp2k/img149.bmp,refimgs/lighthouse.bmp,38.06964086512967,33.11179598113043,1.9944730060503983
jpeg_2000,150,jp2k/img150.bmp,refimgs/woman.bmp,21.418865343047646,5.325990809336403,2.1909071175260126
jpeg_2000,151,jp2k/img151.bmp,refimgs/lighthouse2.bmp,0.0,0.0,0.0
jpeg_2000,152,jp2k/img152.bmp,refimgs/woman.bmp,55.90459914407012,62.74881178263061,1.7775709667424602
jpeg_2000,153,jp2k/img153.bmp,refimgs/caps.bmp,0.0,0.0,0.0
jpeg_2000,154,jp2k/img154.bmp,refimgs/sailing3.bmp,59.44196571611291,68.53124109916048,3.257713213787017
jpeg_2000,155,jp2k/img155.bmp,refimgs/woman.bmp,67.19668334150376,81.40061954776587,2.6896936733617145
jpeg_2000,156,jp2k/img156.bmp,refimgs/buildings.bmp,61.18215742040482,71.45072855297293,2.892206801101394
jpeg_2000,157,jp2k/img157.bmp,refimgs/manfishing.bmp,0.0,0.0,0.0
jpeg_2000,158,jp2k/img158.bmp,refimgs/parrots.bmp,55.776435118466885,62.580036080726586,1.8512848410963514
jpeg_2000,159,jp2k/img159.bmp,refimgs/sailing1.bmp,0.0,0.0,0.0
jpeg_2000,160,jp2k/img160.bmp,refimgs/monarch.bmp,53.41030485608058,58.753804200609366,3.859535402129447
jpeg_2000,161,jp2k/img161.bmp,refimgs/carnivaldolls.bmp,0.0,0.0,0.0
jpeg_2000,162,jp2k/img162.bmp,refimgs/statue.bmp,25.547908094700823,12.158282195710306,2.244937028873685
jpeg_2000,163,jp2k/img163.bmp,refimgs/building2.bmp,48.07274559690462,49.973083632723416,2.363845921397348
jpeg_2000,164,jp2k/img164.bmp,refimgs/lighthouse2.bmp,34.318825920353916,27.12291262526799,2.724941887410696
jpeg_2000,165,jp2k/img165.bmp,refimgs/dancers.bmp,36.803691247540776,31.170624384086207,2.931759584785287
jpeg_2000,166,jp2k/img166.bmp,refimgs/sailing4.bmp,0.0,0.0,0.0
jpeg_2000,167,jp2k/img167.bmp,refimgs/flowersonih35.bmp,50.12810440234088,53.28198369850484,2.7289881736282706
jpeg_2000,168,jp2k/img168.bmp,refimgs/coinsinfountain.bmp,50.22230359576317,53.17519436960078,2.869985394474523
jpeg_2000,169,jp2k/img169.bmp,refimgs/statue.bmp,55.98522773495745,62.921171333425676,2.3338597822997187
jpeg_2000,170,jp2k/img170.bmp,refimgs/dancers.bmp,48.3046809702197,50.18659635541299,2.8854261099779577
jpeg_2000,171,jp2k/img171.bmp,refimgs/studentsculpture.bmp,31.387064288293335,22.217464309979974,3.4214722909827726
jpeg_2000,172,jp2k/img172.bmp,refimgs/sailing4.bmp,69.37405446814955,85.01806693016354,3.000341728921187
jpeg_2000,173,jp2k/img173.bmp,refimgs/plane.bmp,30.06590643346212,19.91475165122249,2.522233999398049
jpeg_2000,174,jp2k/img174.bmp,refimgs/lighthouse.bmp,23.045358620551518,8.059516033306664,2.4606903572154666
jpeg_2000,175,jp2k/img175.bmp,refimgs/stream.bmp,69.62940064841362,85.48562881018705,2.790331469036455
jpeg_2000,176,jp2k/img176.bmp,refimgs/churchandcapitol.bmp,34.74736400054396,27.91393339154686,2.5458538330357157
jpeg_2000,177,jp2k/img177.bmp,refimgs/coinsinfountain.bmp,66.28179452865399,79.87842062142371,2.8673492624018753
jpeg_2000,178,jp2k/img178.bmp,refimgs/cemetry.bmp,52.616923214334236,57.3881566885844,3.0885492561240735
jpeg_2000,179,jp2k/img179.bmp,refimgs/house.bmp,69.50160619570946,85.22814758598726,2.051839755141803
jpeg_2000,180,jp2k/img180.bmp,refimgs/lighthouse.bmp,0.0,0.0,0.0
jpeg_2000,181,jp2k/img181.bmp,refimgs/carnivaldolls.bmp,69.97832580415569,85.99580545278485,2.757412592711968
jpeg_2000,182,jp2k/img182.bmp,refimgs/coinsinfountain.bmp,42.460379670553536,40.35229915118953,3.5089737748520426
jpeg_2000,183,jp2k/img183.bmp,refimgs/sailing3.bmp,22.27981853312796,6.9169396698473875,1.7952320623914535
jpeg_2000,184,jp2k/img184.bmp,refimgs/dancers.bmp,0.0,0.0,0.0
jpeg_2000,185,jp2k/img185.bmp,refimgs/sailing2.bmp,27.201954422013888,14.884889320853098,2.0271158682306583
jpeg_2000,186,jp2k/img186.bmp,refimgs/womanhat.bmp,0.0,0.0,0.0
jpeg_2000,187,jp2k/img187.bmp,refimgs/house.bmp,36.14531005261188,29.918572366378623,2.22757927880343
jpeg_2000,188,jp2k/img188.bmp,refimgs/bikes.bmp,0.0,0.0,0.0
jpeg_2000,189,jp2k/img189.bmp,refimgs/rapids.bmp,0.0,0.0,0.0
jpeg_2000,190,jp2k/img190.bmp,refimgs/studentsculpture.bmp,0.0,0.0,0.0
jpeg_2000,191,jp2k/img191.bmp,refimgs/womanhat.bmp,65.33538560268595,78.15701680889988,2.703796495586783
jpeg_2000,192,jp2k/img192.bmp,refimgs/flowersonih35.bmp,40.20353483462272,36.783046895916954,2.93260706818572
jpeg_2000,193,jp2k/img193.bmp,refimgs/caps.bmp,56.81506839122303,64.20563602792637,3.8848380191852003
jpeg_2000,194,jp2k/img194.bmp,refimgs/churchandcapitol.bmp,61.332280691766066,71.78425770359317,2.5767816056812665
jpeg_2000,195,jp2k/img195.bmp,refimgs/womanhat.bmp,21.305122979508095,5.069478056203863,1.6038702563726814
jpeg_2000,196,jp2k/img196.bmp,refimgs/paintedhouse.bmp,55.88732005422921,62.73568208890111,3.0469817898643132
jpeg_2000,197,jp2k/img197.bmp,refimgs/parrots.bmp,45.89200996411086,46.32614968909792,3.3931978381791197
jpeg_2000,198,jp2k/img198.bmp,refimgs/churchandcapitol.bmp,23.93855287245099,9.471745688649861,1.9635706188510489
jpeg_2000,199,jp2k/img199.bmp,refimgs/buildings.bmp,21.079551835458812,5.003953255961413,1.7477945195712756
jpeg_2000,200,jp2k/img200.bmp,refimgs/manfishing.bmp,59.30217260837462,68.36853015382121,2.653921421113447
jpeg_2000,201,jp2k/img201.bmp,refimgs/flowersonih35.bmp,73.02643347532211,91.08313008268817,2.911160379923063
jpeg_2000,202,jp2k/img202.bmp,refimgs/lighthouse.bmp,63.86475437095206,75.76154338417216,2.879982885425998
jpeg_2000,203,jp2k/img203.bmp,refimgs/plane.bmp,42.82439106346012,41.031767097846874,2.9491151030026503
jpeg_2000,204,jp2k/img204.bmp,refimgs/monarch.bmp,0.0,0.0,0.0
jpeg_2000,205,jp2k/img205.bmp,refimgs/dancers.bmp,25.59001805947806,12.300226616537323,3.4900234871538274
jpeg_2000,206,jp2k/img206.bmp,refimgs/sailing2.bmp,0.0,0.0,0.0
jpeg_2000,207,jp2k/img207.bmp,refimgs/statue.bmp,0.0,0.0,0.0
jpeg_2000,208,jp2k/img208.bmp,refimgs/monarch.bmp,47.21025837654042,48.46820552061156,3.785904457303732
jpeg_2000,209,jp2k/img209.bmp,refimgs/flowersonih35.bmp,0.0,0.0,0.0
jpeg_2000,210,jp2k/img210.bmp,refimgs/paintedhouse.bmp,34.161205894412156,26.665408082124756,2.633904413720648
jpeg_2000,211,jp2k/img211.bmp,refimgs/lighthouse2.bmp,22.457131335424307,7.205306730310632,1.7101969632604894
jpeg_2000,212,jp2k/img212.bmp,refimgs/house.bmp,21.273221929777215,5.5443651518750485,1.6260179423028869
jpeg_2000,213,jp2k/img213.bmp,refimgs/sailing1.bmp,64.00907199232228,76.06673091499994,2.802598234737501
jpeg_2000,214,jp2k/img214.bmp,refimgs/sailing1.bmp,22.76639531194038,7.692346791817002,2.2179315446564023
jpeg_2000,215,jp2k/img215.bmp,refimgs/paintedhouse.bmp,62.22323173241315,73.31007213059178,2.423414351017992
jpeg_2000,216,jp2k/img216.bmp,refimgs/building2.bmp,25.477351996196013,12.116677268629225,2.4773827058171207
jpeg_2000,217,jp2k/img217.bmp,refimgs/stream.bmp,24.255518544727988,10.13926391720382,2.353186873596618
jpeg_2000,218,jp2k/img218.bmp,refimgs/studentsculpture.bmp,59.08349135484238,67.96320399587412,3.811279498083092
jpeg_2000,219,jp2k/img219.bmp,refimgs/ocean.bmp,61.67638378990241,72.24909155691115,2.9609792853145285
jpeg_2000,220,jp2k/img220.bmp,refimgs/plane.bmp,60.767379802218706,70.83986290434613,2.5641522029401402
jpeg_2000,221,jp2k/img221.bmp,refimgs/sailing4.bmp,56.988438960547256,64.72585217139644,2.2246402940534207
jpeg_2000,222,jp2k/img222.bmp,refimgs/buildings.bmp,37.02130195424285,31.27751399241848,2.8937260119214416
jpeg_2000,223,jp2k/img223.bmp,refimgs/stream.bmp,0.0,0.0,0.0
jpeg_2000,224,jp2k/img224.bmp,refimgs/coinsinfountain.bmp,0.0,0.0,0.0
jpeg_2000,225,jp2k/img225.bmp,refimgs/bikes.bmp,68.05380219873442,82.73289778928405,2.3272478939092793
jpeg_2000,226,jp2k/img226.bmp,refimgs/womanhat.bmp,51.60071918510474,55.520005193382154,2.1715936918996186
jpeg_2000,227,jp2k/img227.bmp,refimgs/statue.bmp,60.761657857607254,70.88031632329827,2.804051036657024
jpeg,1,jpeg/img1.bmp,refimgs/womanhat.bmp,55.67451331018688,52.92435457391395,2.8697739830451456
jpeg,2,jpeg/img2.bmp,refimgs/churchandcapitol.bmp,42.18605088354612,33.28319804594844,3.273726314128311
jpeg,3,jpeg/img3.bmp,refimgs/lighthouse.bmp,0.0,0.0,0.0
jpeg,4,jpeg/img4.bmp,refimgs/churchandcapitol.bmp,79.63200139873037,87.8267449661924,2.184182829572506
jpeg,5,jpeg/img5.bmp,refimgs/carnivaldolls.bmp,0.0,0.0,0.0
jpeg,6,jpeg/img6.bmp,refimgs/sailing4.bmp,0.0,0.0,0.0
jpeg,7,jpeg/img7.bmp,refimgs/stream.bmp,0.0,0.0,0.0
jpeg,8,jpeg/img8.bmp,refimgs/ocean.bmp,29.32258917828471,14.344775300339105,2.6446998758866136
jpeg,9,jpeg/img9.bmp,refimgs/rapids.bmp,60.311410102786176,59.74032431349464,2.6236433986699867
jpeg,10,jpeg/img10.bmp,refimgs/woman.bmp,0.0,0.0,0.0
jpeg,11,jpeg/img11.bmp,refimgs/statue.bmp,56.44735042407491,53.951334760512935,2.8824873903994237
jpeg,12,jpeg/img12.bmp,refimgs/caps.bmp,0.0,0.0,0.0
jpeg,13,jpeg/img13.bmp,refimgs/statue.bmp,19.53742657254039,-0.1946068687639695,3.261394183877893
jpeg,14,jpeg/img14.bmp,refimgs/carnivaldolls.bmp,22.427797517937464,4.326856120694956,1.7776278919992186
jpeg,15,jpeg/img15.bmp,refimgs/sailing4.bmp,47.84250739717017,41.36730112939379,4.030891839187029
jpeg,16,jpeg/img16.bmp,refimgs/stream.bmp,52.55754452877917,47.80251084716316,5.366524870664442
jpeg,17,jpeg/img17.bmp,refimgs/plane.bmp,22.549912901628197,4.495168881480339,2.6006946622051887
jpeg,18,jpeg/img18.bmp,refimgs/monarch.bmp,51.843326801611454,47.285871717563985,3.2291435448165497
jpeg,19,jpeg/img19.bmp,refimgs/sailing3.bmp,0.0,0.0,0.0
jpeg,20,jpeg/img20.bmp,refimgs/paintedhouse.bmp,0.0,0.0,0.0
jpeg,21,jpeg/img21.bmp,refimgs/churchandcapitol.bmp,53.818664170538256,50.1232463479616,3.042793204234477
jpeg,22,jpeg/img22.bmp,refimgs/churchandcapitol.bmp,0.0,0.0,0.0
jpeg,23,jpeg/img23.bmp,refimgs/paintedhouse.bmp,74.25212011875597,79.95944789006504,1.7452054819025948
jpeg,24,jpeg/img24.bmp,refimgs/caps.bmp,28.307801062720873,12.56494613089226,3.5777632349569437
jpeg,25,jpeg/img25.bmp,refimgs/plane.bmp,43.68712908418356,35.4156346289015,3.033767654839691
jpeg,26,jpeg/img26.bmp,refimgs/womanhat.bmp,0.0,0.0,0.0
jpeg,27,jpeg/img27.bmp,refimgs/flowersonih35.bmp,43.0162175344564,34.31539467108672,2.9164474086462295
jpeg,28,jpeg/img28.bmp,refimgs/ocean.bmp,0.0,0.0,0.0
jpeg,29,jpeg/img29.bmp,refimgs/bikes.bmp,63.22821648316846,63.690729469898855,2.222673153822281
jpeg,30,jpeg/img30.bmp,refimgs/ocean.bmp,23.81928622014108,6.601376948035167,1.3527374543391228
jpeg,31,jpeg/img31.bmp,refimgs/rapids.bmp,0.0,0.0,0.0
jpeg,32,jpeg/img32.bmp,refimgs/parrots.bmp,42.52118607682714,33.49425871523598,2.899760663371106
jpeg,33,jpeg/img33.bmp,refimgs/manfishing.bmp,48.86232626758251,42.614722076241115,3.067736950102083
jpeg,34,jpeg/img34.bmp,refimgs/studentsculpture.bmp,0.0,0.0,0.0
jpeg,35,jpeg/img35.bmp,refimgs/rapids.bmp,70.95845439731096,75.29290636099799,2.5071432342822457
jpeg,36,jpeg/img36.bmp,refimgs/building2.bmp,68.81582729779525,72.0575019048246,3.1019404541242093
jpeg,37,jpeg/img37.bmp,refimgs/sailing4.bmp,63.77800813801863,64.62638897500841,2.2853597897375084
jpeg,38,jpeg/img38.bmp,refimgs/sailing3.bmp,31.940080757371334,18.02857959226172,2.702219642052051
jpeg,39,jpeg/img39.bmp,refimgs/dancers.bmp,54.04967815819876,50.40120766199397,3.409570236373633
jpeg,40,jpeg/img40.bmp,refimgs/plane.bmp,28.328278947726663,12.654106278200903,2.257680052582808
jpeg,41,jpeg/img41.bmp,refimgs/dancers.bmp,60.57822644571531,59.873965229834056,4.19826586140564
jpeg,42,jpeg/img42.bmp,refimgs/bikes.bmp,0.0,0.0,0.0
jpeg,43,jpeg/img43.bmp,refimgs/buildings.bmp,47.79653010779907,41.47905246219578,3.0781338576987416
jpeg,44,jpeg/img44.bmp,refimgs/lighthouse.bmp,45.678714739085265,38.18877059392042,2.6194324436690546
jpeg,45,jpeg/img45.bmp,refimgs/studentsculpture.bmp,43.26832513569606,34.439397588231365,3.284596770641428
jpeg,46,jpeg/img46.bmp,refimgs/cemetry.bmp,69.45204261392958,72.81442149222269,3.4871060159320875
jpeg,47,jpeg/img47.bmp,refimgs/sailing4.bmp,52.68258889470214,48.528157253793196,3.0073042395897875
jpeg,48,jpeg/img48.bmp,refimgs/monarch.bmp,0.0,0.0,0.0
jpeg,49,jpeg/img49.bmp,refimgs/coinsinfountain.bmp,41.94637326127812,32.754563027117996,2.505835919856646
jpeg,50,jpeg/img50.bmp,refimgs/house.bmp,58.66222271567119,57.08857633912254,2.8751390424864485
jpeg,51,jpeg/img51.bmp,refimgs/house.bmp,39.51151909245588,28.944995605272247,2.952813576030159
jpeg,52,jpeg/img52.bmp,refimgs/sailing2.bmp,0.0,0.0,0.0
jpeg,53,jpeg/img53.bmp,refimgs/studentsculpture.bmp,26.530641359588333,10.226303647528617,2.9558738383581504
jpeg,54,jpeg/img54.bmp,refimgs/house.bmp,0.0,0.0,0.0
jpeg,55,jpeg/img55.bmp,refimgs/cemetry.bmp,42.18685408278848,33.240480634782365,2.1002603313548636
jpeg,56,jpeg/img56.bmp,refimgs/paintedhouse.bmp,41.43384300393491,32.00986641270259,3.074219335377136
jpeg,57,jpeg/img57.bmp,refimgs/lighthouse.bmp,17.90242445870529,-2.6400150164096132,1.8591223522497122
jpeg,58,jpeg/img58.bmp,refimgs/woman.bmp,26.8204323957816,10.554131539493454,2.185004363282337
jpeg,59,jpeg/img59.bmp,refimgs/studentsculpture.bmp,42.498997253886785,33.58553766172936,3.0575727852099313
jpeg,60,jpeg/img60.bmp,refimgs/building2.bmp,50.91458216680612,45.8290134752761,2.722625711100326
jpeg,61,jpeg/img61.bmp,refimgs/dancers.bmp,25.77050586046477,9.1741835265355,3.177472369632796
jpeg,62,jpeg/img62.bmp,refimgs/building2.bmp,66.06308108895072,67.83771180597611,3.5383029793830225
jpeg,63,jpeg/img63.bmp,refimgs/caps.bmp,40.20037531558981,30.00260877004913,3.8910247257236814
jpeg,64,jpeg/img64.bmp,refimgs/lighthouse2.bmp,21.915037325403436,3.2142639437019938,2.6241126480364065
jpeg,65,jpeg/img65.bmp,refimgs/woman.bmp,56.16757692494108,53.38597873417673,2.803615407414995
jpeg,66,jpeg/img66.bmp,refimgs/buildings.bmp,0.0,0.0,0.0
jpeg,67,jpeg/img67.bmp,refimgs/sailing2.bmp,34.36752098639735,21.662276200071243,2.638941570397618
jpeg,68,jpeg/img68.bmp,refimgs/dancers.bmp,0.0,0.0,0.0
jpeg,69,jpeg/img69.bmp,refimgs/lighthouse2.bmp,52.89066029707622,48.86921270308122,4.138204290624474
jpeg,70,jpeg/img70.bmp,refimgs/statue.bmp,19.56748371978346,-0.12771347553550072,2.7892618663817554
jpeg,71,jpeg/img71.bmp,refimgs/sailing1.bmp,31.074071335136953,16.917691044533527,3.163898810013688
jpeg,72,jpeg/img72.bmp,refimgs/parrots.bmp,27.804812294443636,12.004960528290617,2.155322084830696
jpeg,73,jpeg/img73.bmp,refimgs/coinsinfountain.bmp,44.56841486707733,36.604170671940494,3.2212269568235157
jpeg,74,jpeg/img74.bmp,refimgs/flowersonih35.bmp,23.473046983979113,5.51411590094478,3.053779340549586
jpeg,75,jpeg/img75.bmp,refimgs/house.bmp,54.700999698833805,51.3960375162062,3.3954877909580623
jpeg,76,jpeg/img76.bmp,refimgs/plane.bmp,0.0,0.0,0.0
jpeg,77,jpeg/img77.bmp,refimgs/bikes.bmp,56.02031619077877,53.2796828380246,2.656321318748371
jpeg,78,jpeg/img78.bmp,refimgs/cemetry.bmp,69.18511018899825,72.32423365260935,4.172001262784754
jpeg,79,jpeg/img79.bmp,refimgs/flowersonih35.bmp,80.88636722069373,89.53004585169111,2.5940135058047225
jpeg,80,jpeg/img80.bmp,refimgs/carnivaldolls.bmp,65.92309095733728,67.77811693105684,2.9059702715219475
jpeg,81,jpeg/img81.bmp,refimgs/bikes.bmp,49.05615490510982,43.03955573949191,2.744179369385934
jpeg,82,jpeg/img82.bmp,refimgs/cemetry.bmp,0.0,0.0,0.0
jpeg,83,jpeg/img83.bmp,refimgs/sailing3.bmp,39.126547554715955,28.507933641096496,3.357753382824215
jpeg,84,jpeg/img84.bmp,refimgs/buildings.bmp,51.01535769470311,46.146808723433985,2.7051009327246436
jpeg,85,jpeg/img85.bmp,refimgs/stream.bmp,63.64900697984106,64.18240178201884,4.154673534646397
jpeg,86,jpeg/img86.bmp,refimgs/lighthouse.bmp,48.670801401930504,42.57624280517876,2.4898168965574943
jpeg,87,jpeg/img87.bmp,refimgs/statue.bmp,0.0,0.0,0.0
jpeg,88,jpeg/img88.bmp,refimgs/sailing1.bmp,0.0,0.0,0.0
jpeg,89,jpeg/img89.bmp,refimgs/womanhat.bmp,44.31871652762005,36.284648557807834,2.264674913921824
jpeg,90,jpeg/img90.bmp,refimgs/buildings.bmp,48.20131912049039,42.04320025216914,2.478979249445216
jpeg,91,jpeg/img91.bmp,refimgs/paintedhouse.bmp,73.58912301389574,78.97568682896502,2.590186266581008
jpeg,92,jpeg/img92.bmp,refimgs/manfishing.bmp,52.7238085826388,48.37469886200194,3.467134337100712
jpeg,93,jpeg/img93.bmp,refimgs/manfishing.bmp,59.76883361021454,58.589684139333414,4.147144131494865
jpeg,94,jpeg/img94.bmp,refimgs/monarch.bmp,29.627781811760766,14.62195076567486,2.9211049918796785
jpeg,95,jpeg/img95.bmp,refimgs/lighthouse2.bmp,0.0,0.0,0.0
jpeg,96,jpeg/img96.bmp,refimgs/monarch.bmp,22.21876534984031,3.9212125972238567,2.3840279859047615
jpeg,97,jpeg/img97.bmp,refimgs/lighthouse2.bmp,23.359332150647557,5.308643571535107,1.9502872541544571
jpeg,98,jpeg/img98.bmp,refimgs/ocean.bmp,33.17487452965549,19.871604986952033,2.957743526264003
jpeg,99,jpeg/img99.bmp,refimgs/sailing2.bmp,48.44187431552397,42.27140041690989,2.0669162028899035
jpeg,100,jpeg/img100.bmp,refimgs/stream.bmp,75.27899604270353,81.2026938220347,3.6578676381401944
jpeg,101,jpeg/img101.bmp,refimgs/coinsinfountain.bmp,26.45959904623459,10.252515880885852,3.0163844442524246
jpeg,102,jpeg/img102.bmp,refimgs/sailing1.bmp,29.55677719914686,14.726130517984881,2.940613305971161
jpeg,103,jpeg/img103.bmp,refimgs/parrots.bmp,45.39754888512183,37.78061796136218,3.467280802582761
jpeg,104,jpeg/img104.bmp,refimgs/carnivaldolls.bmp,65.70767925324277,67.40278120147042,2.2892371460477925
jpeg,105,jpeg/img105.bmp,refimgs/caps.bmp,42.874483145017024,33.96635629198161,3.169806532837332
jpeg,106,jpeg/img106.bmp,refimgs/sailing1.bmp,21.616919193013956,3.2197367648266635,2.696096625271956
jpeg,107,jpeg/img107.bmp,refimgs/womanhat.bmp,37.18731870129031,25.83817914298309,1.627468483273525
jpeg,108,jpeg/img108.bmp,refimgs/sailing3.bmp,56.20055376716059,53.61612003847755,3.700266441499402
jpeg,109,jpeg/img109.bmp,refimgs/parrots.bmp,0.0,0.0,0.0
jpeg,110,jpeg/img110.bmp,refimgs/rapids.bmp,46.98621621162363,40.313192795130504,3.058439180149158
jpeg,111,jpeg/img111.bmp,refimgs/sailing2.bmp,44.80579447008242,36.936772747192386,1.924140547998191
jpeg,112,jpeg/img112.bmp,refimgs/coinsinfountain.bmp,0.0,0.0,0.0
jpeg,113,jpeg/img113.bmp,refimgs/building2.bmp,0.0,0.0,0.0
jpeg,114,jpeg/img114.bmp,refimgs/manfishing.bmp,0.0,0.0,0.0
jpeg,115,jpeg/img115.bmp,refimgs/flowersonih35.bmp,0.0,0.0,0.0
jpeg,116,jpeg/img116.bmp,refimgs/woman.bmp,25.296969611743133,8.406881996436613,2.7552669740337303
jpeg,117,jpeg/img117.bmp,refimgs/cemetry.bmp,28.52528489057023,24.492692678265385,2.600426091851612
jpeg,118,jpeg/img118.bmp,refimgs/churchandcapitol.bmp,0.0,0.0,0.0
jpeg,119,jpeg/img119.bmp,refimgs/dancers.bmp,34.14049053294782,36.46779215661733,2.781318877760069
jpeg,120,jpeg/img120.bmp,refimgs/house.bmp,23.20315084865464,13.720589197831565,1.9983014710773483
jpeg,121,jpeg/img121.bmp,refimgs/sailing1.bmp,38.88609401355043,46.661554457382735,3.729769060184537
jpeg,122,jpeg/img122.bmp,refimgs/sailing1.bmp,0.0,0.0,0.0
jpeg,123,jpeg/img123.bmp,refimgs/cemetry.bmp,0.0,0.0,0.0
jpeg,124,jpeg/img124.bmp,refimgs/sailing2.bmp,60.082531171978836,91.8585232966015,2.7476817331528682
jpeg,125,jpeg/img125.bmp,refimgs/flowersonih35.bmp,0.0,0.0,0.0
jpeg,126,jpeg/img126.bmp,refimgs/caps.bmp,60.069537201696626,91.83072941409385,1.763389233040448
jpeg,127,jpeg/img127.bmp,refimgs/studentsculpture.bmp,59.24963651950959,90.06909938102645,2.383114540555449
jpeg,128,jpeg/img128.bmp,refimgs/cemetry.bmp,41.49997147178339,52.32392778595446,2.227041117454034
jpeg,129,jpeg/img129.bmp,refimgs/coinsinfountain.bmp,52.84704264933621,76.55613665524052,3.6827224155835903
jpeg,130,jpeg/img130.bmp,refimgs/statue.bmp,22.436113966625584,11.018019466557469,2.0010534892339966
jpeg,131,jpeg/img131.bmp,refimgs/lighthouse.bmp,59.07206937353145,89.84228100588449,1.9575808208464132
jpeg,132,jpeg/img132.bmp,refimgs/churchandcapitol.bmp,22.645234717415967,11.71563815997088,1.795554001395216
jpeg,133,jpeg/img133.bmp,refimgs/lighthouse2.bmp,0.0,0.0,0.0
jpeg,134,jpeg/img134.bmp,refimgs/flowersonih35.bmp,51.038266406548644,72.35535092106369,3.7550403271468085
jpeg,135,jpeg/img135.bmp,refimgs/manfishing.bmp,21.368637366413928,8.62310279882778,2.9431631435016703
jpeg,136,jpeg/img136.bmp,refimgs/caps.bmp,0.0,0.0,0.0
jpeg,137,jpeg/img137.bmp,refimgs/stream.bmp,21.345826222120394,9.808299742983458,2.353728560748593
jpeg,138,jpeg/img138.bmp,refimgs/womanhat.bmp,61.19507964387755,94.52975239220282,2.538169463837766
jpeg,139,jpeg/img139.bmp,refimgs/rapids.bmp,0.0,0.0,0.0
jpeg,140,jpeg/img140.bmp,refimgs/house.bmp,0.0,0.0,0.0
jpeg,141,jpeg/img141.bmp,refimgs/lighthouse2.bmp,23.752905819140917,14.731573993200833,3.299328133299746
jpeg,142,jpeg/img142.bmp,refimgs/parrots.bmp,0.0,0.0,0.0
jpeg,143,jpeg/img143.bmp,refimgs/ocean.bmp,20.05966586015515,6.837113454327479,2.4151567485142578
jpeg,144,jpeg/img144.bmp,refimgs/sailing2.bmp,21.425352466359897,8.547930933970449,2.4876598335159223
jpeg,145,jpeg/img145.bmp,refimgs/sailing3.bmp,63.81598196499471,100.24091440063674,2.4918778859861668
jpeg,146,jpeg/img146.bmp,refimgs/rapids.bmp,29.248914863447652,26.185666958535705,2.6621708940326743
jpeg,147,jpeg/img147.bmp,refimgs/house.bmp,64.17863284396779,100.91708991281492,2.435099812407334
jpeg,148,jpeg/img148.bmp,refimgs/manfishing.bmp,60.59906715887066,92.90511853394918,3.2862535269716924
jpeg,149,jpeg/img149.bmp,refimgs/parrots.bmp,46.86060607831901,63.46863408758387,2.121779676353792
jpeg,150,jpeg/img150.bmp,refimgs/woman.bmp,30.069815195136,27.261974430150573,3.357454103639275
jpeg,151,jpeg/img151.bmp,refimgs/house.bmp,21.024488372894925,8.066866303180433,2.823710401165441
jpeg,152,jpeg/img152.bmp,refimgs/paintedhouse.bmp,42.760360296319064,55.04442894789427,3.9896374303903808
jpeg,153,jpeg/img153.bmp,refimgs/carnivaldolls.bmp,0.0,0.0,0.0
jpeg,154,jpeg/img154.bmp,refimgs/womanhat.bmp,62.67484278906548,97.50877362944289,2.0292793308312116
jpeg,155,jpeg/img155.bmp,refimgs/dancers.bmp,0.0,0.0,0.0
jpeg,156,jpeg/img156.bmp,refimgs/ocean.bmp,45.01820142211406,59.64918850292218,2.9762754362816874
jpeg,157,jpeg/img157.bmp,refimgs/buildings.bmp,22.915712075825788,13.703159478546446,1.527514614195095
jpeg,158,jpeg/img158.bmp,refimgs/studentsculpture.bmp,0.0,0.0,0.0
jpeg,159,jpeg/img159.bmp,refimgs/caps.bmp,59.85684396834845,91.34350033825854,2.8002934998489564
jpeg,160,jpeg/img160.bmp,refimgs/house.bmp,61.715141783360664,95.5184845722614,2.6854640623452153
jpeg,161,jpeg/img161.bmp,refimgs/lighthouse.bmp,59.3594312419867,90.43420904041339,2.3238862899623713
jpeg,162,jpeg/img162.bmp,refimgs/buildings.bmp,58.27189658802589,88.14234661943546,2.875596952361634
jpeg,163,jpeg/img163.bmp,refimgs/buildings.bmp,30.40910849956548,28.821989373974375,2.708679328961954
jpeg,164,jpeg/img164.bmp,refimgs/ocean.bmp,67.82709016093094,108.77257436149551,3.252259841939146
jpeg,165,jpeg/img165.bmp,refimgs/plane.bmp,44.48057974318524,58.335170619177745,2.7045841028122153
jpeg,166,jpeg/img166.bmp,refimgs/sailing4.bmp,61.350283375020645,95.0385986077363,3.2134248616009917
jpeg,167,jpeg/img167.bmp,refimgs/woman.bmp,52.792812754832575,75.99002346051728,3.3343271183336856
jpeg,168,jpeg/img168.bmp,refimgs/womanhat.bmp,22.04930214641378,11.312092615683753,1.9453193002931417
jpeg,169,jpeg/img169.bmp,refimgs/ocean.bmp,0.0,0.0,0.0
jpeg,170,jpeg/img170.bmp,refimgs/monarch.bmp,56.267204501611914,83.55329291418636,2.5458489316222734
jpeg,171,jpeg/img171.bmp,refimgs/building2.bmp,25.732981771905134,18.143107738796367,2.3673980657691747
jpeg,172,jpeg/img172.bmp,refimgs/paintedhouse.bmp,0.0,0.0,0.0
jpeg,173,jpeg/img173.bmp,refimgs/sailing4.bmp,0.0,0.0,0.0
jpeg,174,jpeg/img174.bmp,refimgs/manfishing.bmp,25.92338626222032,19.465821038563057,3.0611349191629764
jpeg,175,jpeg/img175.bmp,refimgs/sailing1.bmp,49.98714110290032,70.50244384897171,4.153532408677105
jpeg,176,jpeg/img176.bmp,refimgs/carnivaldolls.bmp,59.197872403677,90.00784725087408,1.9280346963119803
jpeg,177,jpeg/img177.bmp,refimgs/sailing2.bmp,59.21107877285364,89.89062469317183,2.712463873321741
jpeg,178,jpeg/img178.bmp,refimgs/monarch.bmp,28.60678393478814,25.222785826131556,2.3253639253337752
jpeg,179,jpeg/img179.bmp,refimgs/bikes.bmp,0.0,0.0,0.0
jpeg,180,jpeg/img180.bmp,refimgs/studentsculpture.bmp,59.802873955570725,91.24663994961543,2.2952102592918444
jpeg,181,jpeg/img181.bmp,refimgs/lighthouse2.bmp,53.561317903958724,78.16782270134613,2.3373325819894406
jpeg,182,jpeg/img182.bmp,refimgs/coinsinfountain.bmp,0.0,0.0,0.0
jpeg,183,jpeg/img183.bmp,refimgs/bikes.bmp,56.82089940310144,84.88609788754106,2.148762577910232
jpeg,184,jpeg/img184.bmp,refimgs/coinsinfountain.bmp,60.2993891488666,92.52520895124621,1.870055366270666
jpeg,185,jpeg/img185.bmp,refimgs/stream.bmp,29.738772903819356,26.71821304692204,3.3389693079266247
jpeg,186,jpeg/img186.bmp,refimgs/dancers.bmp,58.7879445095596,89.23441705756257,2.427177241340075
jpeg,187,jpeg/img187.bmp,refimgs/dancers.bmp,59.859053210954166,91.61747826509418,3.122099047182516
jpeg,188,jpeg/img188.bmp,refimgs/bikes.bmp,55.940063916423995,83.03358943312271,2.3138950471044137
jpeg,189,jpeg/img189.bmp,refimgs/woman.bmp,0.0,0.0,0.0
jpeg,190,jpeg/img190.bmp,refimgs/womanhat.bmp,0.0,0.0,0.0
jpeg,191,jpeg/img191.bmp,refimgs/plane.bmp,0.0,0.0,0.0
jpeg,192,jpeg/img192.bmp,refimgs/building2.bmp,60.59222184804797,93.03653291816838,2.495499466447168
jpeg,193,jpeg/img193.bmp,refimgs/manfishing.bmp,0.0,0.0,0.0
jpeg,194,jpeg/img194.bmp,refimgs/ocean.bmp,33.161859024007995,34.60644513743412,2.920539651433121
jpeg,195,jpeg/img195.bmp,refimgs/churchandcapitol.bmp,62.49964418626532,97.24677520689923,3.004802309924213
jpeg,196,jpeg/img196.bmp,refimgs/parrots.bmp,59.998116443912735,91.590670464724,3.530999116600826
jpeg,197,jpeg/img197.bmp,refimgs/sailing4.bmp,61.16381409284535,94.63456567363843,2.4302278823435812
jpeg,198,jpeg/img198.bmp,refimgs/flowersonih35.bmp,25.005853431257847,16.644122962021108,3.4326507971785305
jpeg,199,jpeg/img199.bmp,refimgs/rapids.bmp,61.96685136723782,95.80804387069,3.010656253374724
jpeg,200,jpeg/img200.bmp,refimgs/studentsculpture.bmp,46.6921578408488,63.30761338204381,3.861012216061926
jpeg,201,jpeg/img201.bmp,refimgs/plane.bmp,58.632081877725426,88.92048271630968,2.5338354601096844
jpeg,202,jpeg/img202.bmp,refimgs/lighthouse.bmp,0.0,0.0,0.0
jpeg,203,jpeg/img203.bmp,refimgs/bikes.bmp,30.3960122439865,28.5502551905385,3.3100012717591154
jpeg,204,jpeg/img204.bmp,refimgs/buildings.bmp,59.01313652905887,89.6422329700044,2.6223910575482887
jpeg,205,jpeg/img205.bmp,refimgs/building2.bmp,58.5077181327665,88.2209328213845,3.5866830559363096
jpeg,206,jpeg/img206.bmp,refimgs/sailing3.bmp,22.36077002995832,11.739931694595015,1.9516924177633803
jpeg,207,jpeg/img207.bmp,refimgs/caps.bmp,49.85666308799925,70.02463837460913,2.00661782807615
jpeg,208,jpeg/img208.bmp,refimgs/statue.bmp,0.0,0.0,0.0
jpeg,209,jpeg/img209.bmp,refimgs/monarch.bmp,58.698768936850534,88.77366918617133,2.9582044167902493
jpeg,210,jpeg/img210.bmp,refimgs/sailing1.bmp,62.42299401695418,97.42810231821008,3.633824602201884
jpeg,211,jpeg/img211.bmp,refimgs/monarch.bmp,0.0,0.0,0.0
jpeg,212,jpeg/img212.bmp,refimgs/stream.bmp,0.0,0.0,0.0
jpeg,213,jpeg/img213.bmp,refimgs/cemetry.bmp,57.24972197729394,85.98716482193281,2.71759397282532
jpeg,214,jpeg/img214.bmp,refimgs/sailing4.bmp,23.764227931406232,14.430548416582262,2.2876609881780743
jpeg,215,jpeg/img215.bmp,refimgs/paintedhouse.bmp,65.16467870739736,102.70082156574153,3.1397048108468253
jpeg,216,jpeg/img216.bmp,refimgs/carnivaldolls.bmp,26.954088129242155,20.934069322543586,2.5633916960614163
jpeg,217,jpeg/img217.bmp,refimgs/stream.bmp,64.41510961861735,101.27286341299555,2.2720253728990247
jpeg,218,jpeg/img218.bmp,refimgs/statue.bmp,60.40688876673067,92.65269870718299,2.137200831784356
jpeg,219,jpeg/img219.bmp,refimgs/sailing2.bmp,0.0,0.0,0.0
jpeg,220,jpeg/img220.bmp,refimgs/woman.bmp,58.742827976591705,88.66925863108538,2.987829456438813
jpeg,221,jpeg/img221.bmp,refimgs/statue.bmp,60.867560158101796,93.81353439730438,1.8556038518340194
jpeg,222,jpeg/img222.bmp,refimgs/sailing3.bmp,0.0,0.0,0.0
jpeg,223,jpeg/img223.bmp,refimgs/sailing3.bmp,63.673955042979145,99.9719981674867,2.385012008541453
jpeg,224,jpeg/img224.bmp,refimgs/building2.bmp,0.0,0.0,0.0
jpeg,225,jpeg/img225.bmp,refimgs/building2.bmp,32.4893858610105,32.713131566176116,3.7385095442620386
jpeg,226,jpeg/img226.bmp,refimgs/bikes.bmp,25.44282492050957,17.78062954880489,2.537242432762228
jpeg,227,jpeg/img227.bmp,refimgs/buildings.bmp,0.0,0.0,0.0
jpeg,228,jpeg/img228.bmp,refimgs/paintedhouse.bmp,24.51332756997572,15.783100447893545,3.7257355523891476
jpeg,229,jpeg/img229.bmp,refimgs/flowersonih35.bmp,51.40118852850061,73.10480214469187,2.523675875472376
jpeg,230,jpeg/img230.bmp,refimgs/coinsinfountain.bmp,59.50052273961641,90.8843446287281,2.175690573590204
jpeg,231,jpeg/img231.bmp,refimgs/lighthouse.bmp,22.894316448180156,13.033490455438155,2.4697323175748815
jpeg,232,jpeg/img232.bmp,refimgs/lighthouse2.bmp,60.55254514620187,93.19974618228805,2.353273195234952
jpeg,233,jpeg/img233.bmp,refimgs/parrots.bmp,58.226803040070436,87.78082391853036,2.607069902500553
white_noise,1,wn/img1.bmp,refimgs/monarch.bmp,28.449050613504284,29.04653971785669,2.6419880473591713
white_noise,2,wn/img2.bmp,refimgs/stream.bmp,48.86226780031259,64.7619409950328,2.6114130835303664
white_noise,3,wn/img3.bmp,refimgs/womanhat.bmp,37.35766474591758,44.78193070765691,2.639249328610328
white_noise,4,wn/img4.bmp,refimgs/buildings.bmp,72.0624771097121,105.36416799729716,1.1782810412466813
white_noise,5,wn/img5.bmp,refimgs/sailing3.bmp,22.251829910919774,18.148429410111873,1.9877201014467054
white_noise,6,wn/img6.bmp,refimgs/lighthouse2.bmp,28.329706381798154,28.91034396173228,2.8355189278797015
white_noise,7,wn/img7.bmp,refimgs/woman.bmp,50.45216516236562,67.62651762533173,2.609730220554104
white_noise,8,wn/img8.bmp,refimgs/coinsinfountain.bmp,20.711416001111928,15.537140817336706,2.5417278474037706
white_noise,9,wn/img9.bmp,refimgs/cemetry.bmp,47.8022173109868,63.02744749154707,2.3904758879775834
white_noise,10,wn/img10.bmp,refimgs/plane.bmp,30.910379404918537,33.4482460351677,2.7237104552948384
white_noise,11,wn/img11.bmp,refimgs/womanhat.bmp,25.012717091812114,23.03858179465982,2.5623028561720407
white_noise,12,wn/img12.bmp,refimgs/sailing2.bmp,38.238611972310636,46.19136201986183,2.681274586686019
white_noise,13,wn/img13.bmp,refimgs/churchandcapitol.bmp,24.37575202371464,21.927888248041903,2.497142412716122
white_noise,14,wn/img14.bmp,refimgs/carnivaldolls.bmp,20.307406757880905,14.775415943838567,2.3652042809743214
white_noise,15,wn/img15.bmp,refimgs/dancers.bmp,65.4285766269556,93.91355403240952,2.1227481071952936
white_noise,16,wn/img16.bmp,refimgs/studentsculpture.bmp,35.154591911836846,40.79594818906652,3.1972366904721694
white_noise,17,wn/img17.bmp,refimgs/monarch.bmp,41.16959454240873,51.406684831170054,2.4493955125873126
white_noise,18,wn/img18.bmp,refimgs/churchandcapitol.bmp,32.029192192610275,35.32176832792063,2.0909752980772955
white_noise,19,wn/img19.bmp,refimgs/studentsculpture.bmp,19.60742463197844,13.494986288484718,2.068559712169406
white_noise,20,wn/img20.bmp,refimgs/churchandcapitol.bmp,75.67752970989655,111.77469352631448,1.597754828772944
white_noise,21,wn/img21.bmp,refimgs/ocean.bmp,47.07703204219865,61.681001518022924,2.5298880554017895
white_noise,22,wn/img22.bmp,refimgs/parrots.bmp,28.50580755951212,29.05160906556435,1.8064543591278939
white_noise,23,wn/img23.bmp,refimgs/cemetry.bmp,74.45167366240405,109.62708401221437,2.3365549960730574
white_noise,24,wn/img24.bmp,refimgs/coinsinfountain.bmp,65.53583558490479,94.03481633826047,2.283028147760961
white_noise,25,wn/img25.bmp,refimgs/statue.bmp,40.290732036576344,49.8342340456356,2.4587377186484862
white_noise,26,wn/img26.bmp,refimgs/paintedhouse.bmp,46.9760077774318,61.62614194844081,3.4336081408640475
white_noise,27,wn/img27.bmp,refimgs/dancers.bmp,39.12944783610569,47.72741274693893,3.332670749250308
white_noise,28,wn/img28.bmp,refimgs/womanhat.bmp,45.16431625694513,58.41045583984596,2.3724419896483435
white_noise,29,wn/img29.bmp,refimgs/bikes.bmp,54.46282360076056,74.6356854930016,2.417277569927141
white_noise,30,wn/img30.bmp,refimgs/dancers.bmp,30.794572392300985,33.19702721082979,2.8278344672504137
white_noise,31,wn/img31.bmp,refimgs/coinsinfountain.bmp,27.49157346487443,27.51459903168142,3.1281828528318494
white_noise,32,wn/img32.bmp,refimgs/lighthouse2.bmp,46.28429426643121,60.27965391746516,2.641193484663869
white_noise,33,wn/img33.bmp,refimgs/woman.bmp,70.5276596420764,102.72368546631967,2.3080176074695404
white_noise,34,wn/img34.bmp,refimgs/monarch.bmp,65.73029200118374,94.4100904010743,2.2500928393137056
white_noise,35,wn/img35.bmp,refimgs/woman.bmp,33.543367516079435,38.087797760154245,2.6998911574260047
white_noise,36,wn/img36.bmp,refimgs/building2.bmp,52.57387417514444,71.21218202942677,2.536857192564833
white_noise,37,wn/img37.bmp,refimgs/manfishing.bmp,28.1480513828561,28.617188359415515,2.8704269769617
white_noise,38,wn/img38.bmp,refimgs/house.bmp,49.87206779335661,66.53165048509287,2.7772655950232568
white_noise,39,wn/img39.bmp,refimgs/paintedhouse.bmp,52.80103018144482,71.76021293669349,1.9859399081506253
white_noise,40,wn/img40.bmp,refimgs/lighthouse.bmp,39.282533932323666,48.05993884502848,2.776581609476153
white_noise,41,wn/img41.bmp,refimgs/manfishing.bmp,69.06429701449021,100.23878414456692,2.760526602427794
white_noise,42,wn/img42.bmp,refimgs/ocean.bmp,73.31267778854382,107.65033077751622,1.7956982796100016
white_noise,43,wn/img43.bmp,refimgs/lighthouse.bmp,23.425226802503936,20.295948373068647,1.898770221186645
white_noise,44,wn/img44.bmp,refimgs/studentsculpture.bmp,53.384238692346166,72.84561785296995,3.6289907424272605
white_noise,45,wn/img45.bmp,refimgs/cemetry.bmp,27.298143951439798,26.989633874164532,2.2661783932744233
white_noise,46,wn/img46.bmp,refimgs/buildings.bmp,33.22868969556813,37.341496135801734,2.5457136482941642
white_noise,47,wn/img47.bmp,refimgs/carnivaldolls.bmp,71.45708588139159,104.40801605101547,1.8291864047967001
white_noise,48,wn/img48.bmp,refimgs/building2.bmp,31.570742673042144,34.5029166994517,2.335392337060769
white_noise,49,wn/img49.bmp,refimgs/flowersonih35.bmp,54.802789868655026,75.24580813267,2.5444513098184434
white_noise,50,wn/img50.bmp,refimgs/dancers.bmp,57.195223975461516,79.43613206888192,2.429653043355695
white_noise,51,wn/img51.bmp,refimgs/dancers.bmp,54.031702447174354,73.83502971471134,2.0562739343211778
white_noise,52,wn/img52.bmp,refimgs/sailing1.bmp,67.53582395023882,97.51209513726754,2.0746916284927717
white_noise,53,wn/img53.bmp,refimgs/flowersonih35.bmp,66.29900471008837,95.34370094075177,2.4117720032721652
white_noise,54,wn/img54.bmp,refimgs/house.bmp,23.48981406058134,20.5274846951256,2.241177403708036
white_noise,55,wn/img55.bmp,refimgs/statue.bmp,32.790887811496695,36.475636915268524,1.8324399900812403
white_noise,56,wn/img56.bmp,refimgs/sailing1.bmp,32.15919587071531,35.64458484067259,2.64788494145904
white_noise,57,wn/img57.bmp,refimgs/studentsculpture.bmp,67.62262484027339,97.69957653577356,2.673410038495945
white_noise,58,wn/img58.bmp,refimgs/sailing3.bmp,72.59725363203397,106.3698573635383,2.1084710324813343
white_noise,59,wn/img59.bmp,refimgs/manfishing.bmp,18.171540818466337,11.037306278232428,1.9767345416603037
white_noise,60,wn/img60.bmp,refimgs/womanhat.bmp,67.5793466034861,97.65698241414981,1.5709611855752659
white_noise,61,wn/img61.bmp,refimgs/buildings.bmp,56.6813925019012,78.47085391287106,3.1250027221616317
white_noise,62,wn/img62.bmp,refimgs/churchandcapitol.bmp,47.815364470050575,62.92970737500086,2.1095694880182827
white_noise,63,wn/img63.bmp,refimgs/cemetry.bmp,35.310519059258056,41.035510546118466,2.2053189461564724
white_noise,64,wn/img64.bmp,refimgs/caps.bmp,22.503374626941653,18.611094569023102,2.7184371527551416
white_noise,65,wn/img65.bmp,refimgs/cemetry.bmp,52.30651823582071,70.94998870953438,3.1553208037816463
white_noise,66,wn/img66.bmp,refimgs/lighthouse.bmp,68.58777412641652,99.45910509660351,1.606946053028173
white_noise,67,wn/img67.bmp,refimgs/parrots.bmp,38.93056555718149,47.44842540432511,2.13271171570999
white_noise,68,wn/img68.bmp,refimgs/bikes.bmp,37.99576353679407,45.829078985831195,2.852663451197836
white_noise,69,wn/img69.bmp,refimgs/parrots.bmp,47.03859547704133,61.6158088994382,2.6218968245456784
white_noise,70,wn/img70.bmp,refimgs/house.bmp,35.507924699203414,41.31695798429712,2.840500500491151
white_noise,71,wn/img71.bmp,refimgs/carnivaldolls.bmp,48.12179120703937,63.45931896527788,1.7479047506625771
white_noise,72,wn/img72.bmp,refimgs/flowersonih35.bmp,37.66736420630842,45.00432810746642,1.462918218692957
white_noise,73,wn/img73.bmp,refimgs/manfishing.bmp,51.27952860861556,69.02754430690878,2.8375231659754343
white_noise,74,wn/img74.bmp,refimgs/rapids.bmp,43.02597822759181,54.62805994606417,2.9134222446241664
white_noise,75,wn/img75.bmp,refimgs/parrots.bmp,20.6229932562243,15.271352054362957,2.268803248074279
white_noise,76,wn/img76.bmp,refimgs/sailing1.bmp,23.2098354408661,20.007483290527425,2.7995419098844954
white_noise,77,wn/img77.bmp,refimgs/rapids.bmp,65.65386337913596,94.20486814584287,1.9516841080209035
white_noise,78,wn/img78.bmp,refimgs/plane.bmp,20.658684095642474,15.388646901982973,3.009098605828305
white_noise,79,wn/img79.bmp,refimgs/sailing1.bmp,43.28446508243275,55.06753054284376,2.9029108599641575
white_noise,80,wn/img80.bmp,refimgs/caps.bmp,67.38191488202578,97.2694715798371,2.3499769156561117
white_noise,81,wn/img81.bmp,refimgs/sailing2.bmp,24.16469367657933,21.61052934761817,2.8087573522329765
white_noise,82,wn/img82.bmp,refimgs/monarch.bmp,23.942759012671203,21.195283028480475,2.1727909353796964
white_noise,83,wn/img83.bmp,refimgs/house.bmp,52.68290142189967,71.54037129415151,2.420761784791864
white_noise,84,wn/img84.bmp,refimgs/sailing3.bmp,29.699985853756605,31.24987494201788,2.2922375599161326
white_noise,85,wn/img85.bmp,refimgs/statue.bmp,19.68635098573341,13.666943331193622,1.981567196544068
white_noise,86,wn/img86.bmp,refimgs/sailing4.bmp,44.61810289148627,57.39305471032276,2.993245815368399
white_noise,87,wn/img87.bmp,refimgs/bikes.bmp,71.87356645452326,105.10166413396246,1.866577444408603
white_noise,88,wn/img88.bmp,refimgs/stream.bmp,34.23029486513069,39.10614097745931,3.018938875433717
white_noise,89,wn/img89.bmp,refimgs/sailing3.bmp,44.753356184626675,57.538603283146436,2.369085883590642
white_noise,90,wn/img90.bmp,refimgs/carnivaldolls.bmp,34.49706446809392,39.71346655802711,1.8627435483563792
white_noise,91,wn/img91.bmp,refimgs/statue.bmp,50.193343871734214,67.19437758924813,2.043116402709843
white_noise,92,wn/img92.bmp,refimgs/coinsinfountain.bmp,51.318422411965095,69.06535116986018,2.7350479618293075
white_noise,93,wn/img93.bmp,refimgs/churchandcapitol.bmp,53.84641159383728,73.54583611585835,2.597878021215324
white_noise,94,wn/img94.bmp,refimgs/paintedhouse.bmp,72.79674301314544,106.81758994591208,1.854614383649332
white_noise,95,wn/img95.bmp,refimgs/bikes.bmp,25.293947664420266,23.508406616286706,2.0555348714915973
white_noise,96,wn/img96.bmp,refimgs/lighthouse.bmp,51.3502225028313,69.26005385452565,3.0639875829279823
white_noise,97,wn/img97.bmp,refimgs/bikes.bmp,49.3575302613863,65.70698388517809,2.3459626527263118
white_noise,98,wn/img98.bmp,refimgs/woman.bmp,19.51728628082142,13.266839820800243,2.1298236366322874
white_noise,99,wn/img99.bmp,refimgs/ocean.bmp,18.878752040927587,12.137833909830341,2.1363097733169947
white_noise,100,wn/img100.bmp,refimgs/sailing4.bmp,33.84747168218642,38.595687634018724,2.787472556069204
white_noise,101,wn/img101.bmp,refimgs/rapids.bmp,18.225225740269767,11.166482886698198,2.2417326693994015
white_noise,102,wn/img102.bmp,refimgs/building2.bmp,40.56284195591726,50.194325232236274,2.876968807202124
white_noise,103,wn/img103.bmp,refimgs/buildings.bmp,25.00548166763891,22.884871051304934,2.743005591509138
white_noise,104,wn/img104.bmp,refimgs/parrots.bmp,68.72715134454026,99.6615285081197,1.752175249883756
white_noise,105,wn/img105.bmp,refimgs/plane.bmp,65.42243780270577,93.86859240789695,1.945393913789361
white_noise,106,wn/img106.bmp,refimgs/stream.bmp,56.207452902803325,77.63344919424672,3.5227156165380875
white_noise,107,wn/img107.bmp,refimgs/rapids.bmp,30.986839130840746,33.63370982301589,3.523027448317158
white_noise,108,wn/img108.bmp,refimgs/lighthouse2.bmp,43.55504332963799,55.535575649060156,2.255321687887606
white_noise,109,wn/img109.bmp,refimgs/house.bmp,45.32049999361613,58.66034224093095,2.173939738025519
white_noise,110,wn/img110.bmp,refimgs/caps.bmp,41.339397862684045,51.67024428176386,2.524804133799394
white_noise,111,wn/img111.bmp,refimgs/paintedhouse.bmp,36.522247348595556,43.298016309826934,2.5673024055654925
white_noise,112,wn/img112.bmp,refimgs/studentsculpture.bmp,47.64388711431484,62.69095740904541,2.119029236445451
white_noise,113,wn/img113.bmp,refimgs/sailing2.bmp,67.71289447738057,97.92469225647716,2.582085877413812
white_noise,114,wn/img114.bmp,refimgs/lighthouse.bmp,32.20299718280108,35.70795551820673,2.2929064961724497
white_noise,115,wn/img115.bmp,refimgs/woman.bmp,44.94526980494271,57.98572759381551,2.228415462380502
white_noise,116,wn/img116.bmp,refimgs/rapids.bmp,50.375540531155586,67.4653416344695,2.34675892150685
white_noise,117,wn/img117.bmp,refimgs/sailing2.bmp,28.22314322398699,28.79734485795999,2.405895056708855
white_noise,118,wn/img118.bmp,refimgs/ocean.bmp,33.50169399819825,37.944107183148475,2.944993001150369
white_noise,119,wn/img119.bmp,refimgs/womanhat.bmp,48.95462394077779,65.07828999287852,2.1077467959055096
white_noise,120,wn/img120.bmp,refimgs/ocean.bmp,51.474597776260914,69.44972429947218,3.0478877795966706
white_noise,121,wn/img121.bmp,refimgs/building2.bmp,55.286983378847374,76.0908192258521,3.011590976507298
white_noise,122,wn/img122.bmp,refimgs/flowersonih35.bmp,52.17033273533363,70.58976221156998,2.577459561610097
white_noise,123,wn/img123.bmp,refimgs/sailing3.bmp,48.03366696738555,63.30630049280129,1.8641327261351919
white_noise,124,wn/img124.bmp,refimgs/coinsinfountain.bmp,46.91034732543944,61.46371806749249,2.7756731326429613
white_noise,125,wn/img125.bmp,refimgs/lighthouse2.bmp,21.02304265105594,15.998465932281881,2.4391919696940314
white_noise,126,wn/img126.bmp,refimgs/sailing4.bmp,48.233320341629984,63.7033428924913,2.346013347365939
white_noise,127,wn/img127.bmp,refimgs/sailing4.bmp,20.53686608994719,15.147108587135826,2.1912507287307244
white_noise,128,wn/img128.bmp,refimgs/sailing2.bmp,47.81424824346578,62.99129769303974,2.9238739580851982
white_noise,129,wn/img129.bmp,refimgs/plane.bmp,48.69582100754658,64.69701933079591,3.493283395812534
white_noise,130,wn/img130.bmp,refimgs/buildings.bmp,52.16119598246932,70.50327694656922,2.8863581070994906
white_noise,131,wn/img131.bmp,refimgs/stream.bmp,62.71105026602813,89.07333452953819,3.544194786063466
white_noise,132,wn/img132.bmp,refimgs/caps.bmp,33.54176848227497,38.08510135616129,3.4570288930079665
white_noise,133,wn/img133.bmp,refimgs/flowersonih35.bmp,19.813776756304243,13.772809998423078,2.7100070835086734
white_noise,134,wn/img134.bmp,refimgs/sailing4.bmp,52.17326241873206,70.6450297294693,3.1465812089565066
white_noise,135,wn/img135.bmp,refimgs/carnivaldolls.bmp,50.47087190504282,67.63968110982358,2.2991046881278003
white_noise,136,wn/img136.bmp,refimgs/building2.bmp,72.49298633741233,106.17335732260668,2.065218418897199
white_noise,137,wn/img137.bmp,refimgs/lighthouse2.bmp,70.1183913375667,102.01544839638244,2.064465454645108
white_noise,138,wn/img138.bmp,refimgs/stream.bmp,24.590596782310868,22.149317346230504,2.886233879719755
white_noise,139,wn/img139.bmp,refimgs/plane.bmp,41.9217934886144,52.69863155435469,3.1731685105666085
white_noise,140,wn/img140.bmp,refimgs/monarch.bmp,49.08675235466103,65.2062617058754,2.8204743535870476
white_noise,141,wn/img141.bmp,refimgs/sailing1.bmp,48.85542516760175,64.80613405230142,2.725935525467666
white_noise,142,wn/img142.bmp,refimgs/paintedhouse.bmp,25.18190630247393,23.365932631894772,2.8749657455916617
white_noise,143,wn/img143.bmp,refimgs/manfishing.bmp,47.23994202090737,61.98853406494696,2.1315486503810557
white_noise,144,wn/img144.bmp,refimgs/caps.bmp,48.03932331168035,63.45183048855342,3.4345018641233027
white_noise,145,wn/img145.bmp,refimgs/statue.bmp,67.95441669649898,98.27070283202306,2.539662357016074
white_noise,146,wn/img146.bmp,refimgs/coinsinfountain.bmp,0.0,0.0,0.0
white_noise,147,wn/img147.bmp,refimgs/ocean.bmp,0.0,0.0,0.0
white_noise,148,wn/img148.bmp,refimgs/statue.bmp,0.0,0.0,0.0
white_noise,149,wn/img149.bmp,refimgs/dancers.bmp,0.0,0.0,0.0
white_noise,150,wn/img150.bmp,refimgs/paintedhouse.bmp,0.0,0.0,0.0
white_noise,151,wn/img151.bmp,refimgs/stream.bmp,0.0,0.0,0.0
white_noise,152,wn/img152.bmp,refimgs/bikes.bmp,0.0,0.0,0.0
white_noise,153,wn/img153.bmp,refimgs/flowersonih35.bmp,0.0,0.0,0.0
white_noise,154,wn/img154.bmp,refimgs/parrots.bmp,0.0,0.0,0.0
white_noise,155,wn/img155.bmp,refimgs/studentsculpture.bmp,0.0,0.0,0.0
white_noise,156,wn/img156.bmp,refimgs/building2.bmp,0.0,0.0,0.0
white_noise,157,wn/img157.bmp,refimgs/plane.bmp,0.0,0.0,0.0
white_noise,158,wn/img158.bmp,refimgs/woman.bmp,0.0,0.0,0.0
white_noise,159,wn/img159.bmp,refimgs/buildings.bmp,0.0,0.0,0.0
white_noise,160,wn/img160.bmp,refimgs/house.bmp,0.0,0.0,0.0
white_noise,161,wn/img161.bmp,refimgs/rapids.bmp,0.0,0.0,0.0
white_noise,162,wn/img162.bmp,refimgs/womanhat.bmp,0.0,0.0,0.0
white_noise,163,wn/img163.bmp,refimgs/caps.bmp,0.0,0.0,0.0
white_noise,164,wn/img164.bmp,refimgs/lighthouse.bmp,0.0,0.0,0.0
white_noise,165,wn/img165.bmp,refimgs/sailing1.bmp,0.0,0.0,0.0
white_noise,166,wn/img166.bmp,refimgs/carnivaldolls.bmp,0.0,0.0,0.0
white_noise,167,wn/img167.bmp,refimgs/lighthouse2.bmp,0.0,0.0,0.0
white_noise,168,wn/img168.bmp,refimgs/sailing2.bmp,0.0,0.0,0.0
white_noise,169,wn/img169.bmp,refimgs/cemetry.bmp,0.0,0.0,0.0
white_noise,170,wn/img170.bmp,refimgs/manfishing.bmp,0.0,0.0,0.0
white_noise,171,wn/img171.bmp,refimgs/sailing3.bmp,0.0,0.0,0.0
white_noise,172,wn/img172.bmp,refimgs/churchandcapitol.bmp,0.0,0.0,0.0
white_noise,173,wn/img173.bmp,refimgs/monarch.bmp,0.0,0.0,0.0
white_noise,174,wn/img174.bmp,refimgs/sailing4.bmp,0.0,0.0,0.0
gaussian_blur,1,gblur/img1.bmp,refimgs/caps.bmp,40.79744662150747,42.127765361449555,2.3553170935802576
gaussian_blur,2,gblur/img2.bmp,refimgs/churchandcapitol.bmp,36.69893153696868,37.462720322546936,2.1033925129374036
gaussian_blur,3,gblur/img3.bmp,refimgs/monarch.bmp,41.81571819190511,43.26456018535141,2.1971292586034625
gaussian_blur,4,gblur/img4.bmp,refimgs/lighthouse.bmp,21.652387922056107,19.510097084325167,1.9770442700737691
gaussian_blur,5,gblur/img5.bmp,refimgs/plane.bmp,66.84060107231909,72.82942220542719,2.3695646978416995
gaussian_blur,6,gblur/img6.bmp,refimgs/carnivaldolls.bmp,51.567496049237256,54.79584980310996,1.8242234046791481
gaussian_blur,7,gblur/img7.bmp,refimgs/buildings.bmp,29.186591198054412,28.45923879344707,2.12731642781858
gaussian_blur,8,gblur/img8.bmp,refimgs/building2.bmp,28.869078182448074,28.180912872308728,1.5552481749873166
gaussian_blur,9,gblur/img9.bmp,refimgs/rapids.bmp,25.179301933048652,23.83506669503422,1.2211846957473893
gaussian_blur,10,gblur/img10.bmp,refimgs/sailing2.bmp,81.39075601848249,89.72374712250675,2.308539204467474
gaussian_blur,11,gblur/img11.bmp,refimgs/monarch.bmp,75.92450157535032,83.26954044809332,2.494991077873698
gaussian_blur,12,gblur/img12.bmp,refimgs/parrots.bmp,25.06544466838626,23.747800588472256,1.3362430917558406
gaussian_blur,13,gblur/img13.bmp,refimgs/cemetry.bmp,30.870535534840158,30.514445202895608,1.555964716980339
gaussian_blur,14,gblur/img14.bmp,refimgs/manfishing.bmp,33.14363342907686,33.317365184485546,2.433874026965244
gaussian_blur,15,gblur/img15.bmp,refimgs/lighthouse.bmp,41.87691578840591,43.371393473652745,2.3920833214772768
gaussian_blur,16,gblur/img16.bmp,refimgs/manfishing.bmp,58.825421392711746,63.381935483061866,1.5003337001865147
gaussian_blur,17,gblur/img17.bmp,refimgs/rapids.bmp,80.08185242408946,88.25341457573218,1.7475352749990436
gaussian_blur,18,gblur/img18.bmp,refimgs/stream.bmp,32.43798324799404,32.28879443889066,1.9751344266739725
gaussian_blur,19,gblur/img19.bmp,refimgs/coinsinfountain.bmp,50.20470317181026,53.1730822979176,2.3923698915382423
gaussian_blur,20,gblur/img20.bmp,refimgs/studentsculpture.bmp,40.13275845852154,41.4683726766827,2.245740505763918
gaussian_blur,21,gblur/img21.bmp,refimgs/dancers.bmp,38.39024208204622,39.157564151102406,1.6223496681170844
gaussian_blur,22,gblur/img22.bmp,refimgs/coinsinfountain.bmp,45.338886723226786,47.539839513629076,1.7750750540757767
gaussian_blur,23,gblur/img23.bmp,refimgs/paintedhouse.bmp,21.829091767392,19.81956588915427,1.7922023569227732
gaussian_blur,24,gblur/img24.bmp,refimgs/lighthouse.bmp,84.48897153621613,93.40865465910048,2.19384565088695
gaussian_blur,25,gblur/img25.bmp,refimgs/building2.bmp,56.71042207890489,60.85908908030956,1.8770858518463862
gaussian_blur,26,gblur/img26.bmp,refimgs/bikes.bmp,41.73492240913701,43.11752291546036,1.9808109994597176
gaussian_blur,27,gblur/img27.bmp,refimgs/carnivaldolls.bmp,32.44451117849036,32.45533469024021,2.4428979591287803
gaussian_blur,28,gblur/img28.bmp,refimgs/caps.bmp,24.647640917972566,22.96359302071471,2.0059524347878894
gaussian_blur,29,gblur/img29.bmp,refimgs/rapids.bmp,30.140205811101758,29.707112621076355,1.5906734819841764
gaussian_blur,30,gblur/img30.bmp,refimgs/plane.bmp,48.03858521435035,50.78289110295646,2.232284618209279
gaussian_blur,31,gblur/img31.bmp,refimgs/parrots.bmp,49.19106010174272,52.1680931480972,2.6203712010665767
gaussian_blur,32,gblur/img32.bmp,refimgs/coinsinfountain.bmp,22.413870437463135,20.42170138535499,1.3355522844864443
gaussian_blur,33,gblur/img33.bmp,refimgs/building2.bmp,36.572908004066235,37.06966908699679,1.9034412406176267
gaussian_blur,34,gblur/img34.bmp,refimgs/rapids.bmp,44.71956079929084,46.75861493731215,1.8256827254408345
gaussian_blur,35,gblur/img35.bmp,refimgs/sailing1.bmp,30.402052114441062,29.946921048434994,2.7494388167776598
gaussian_blur,36,gblur/img36.bmp,refimgs/womanhat.bmp,46.88524261173885,49.3887315611896,1.770225062956701
gaussian_blur,37,gblur/img37.bmp,refimgs/monarch.bmp,52.476834496696036,55.79859697122191,2.338227982177359
gaussian_blur,38,gblur/img38.bmp,refimgs/studentsculpture.bmp,46.89440866176151,49.57258124925823,3.1136197471288596
gaussian_blur,39,gblur/img39.bmp,refimgs/paintedhouse.bmp,34.979893570930216,35.163418897152994,2.3991024210411096
gaussian_blur,40,gblur/img40.bmp,refimgs/bikes.bmp,55.87531129028216,59.72797575732214,2.3060774180182393
gaussian_blur,41,gblur/img41.bmp,refimgs/dancers.bmp,59.65124686010489,64.24080369440135,1.754584261265361
gaussian_blur,42,gblur/img42.bmp,refimgs/womanhat.bmp,36.8973112735544,37.61345259412877,2.202831397807856
gaussian_blur,43,gblur/img43.bmp,refimgs/sailing2.bmp,40.21682295561454,41.36298389729544,1.7849435521133843
gaussian_blur,44,gblur/img44.bmp,refimgs/studentsculpture.bmp,27.532661536017788,26.588236919388123,1.9688416856063966
gaussian_blur,45,gblur/img45.bmp,refimgs/buildings.bmp,23.40103451443918,21.680338672475234,1.8114081733478482
gaussian_blur,46,gblur/img46.bmp,refimgs/sailing1.bmp,23.123193096948434,21.37173574127878,1.773975393173413
gaussian_blur,47,gblur/img47.bmp,refimgs/manfishing.bmp,46.037528023119386,48.37779845595415,2.2326017822216646
gaussian_blur,48,gblur/img48.bmp,refimgs/sailing2.bmp,53.4798260611554,57.040994158487464,1.8080209676976595
gaussian_blur,49,gblur/img49.bmp,refimgs/house.bmp,35.05830695432234,35.511076424494355,1.66860996634617
gaussian_blur,50,gblur/img50.bmp,refimgs/stream.bmp,44.60861754215323,46.66501375774308,2.2496830510678945
gaussian_blur,51,gblur/img51.bmp,refimgs/dancers.bmp,23.62677772463725,21.90766424535399,2.169015602957382
gaussian_blur,52,gblur/img52.bmp,refimgs/carnivaldolls.bmp,63.27262872262177,68.54058128580095,1.6390298842523514
gaussian_blur,53,gblur/img53.bmp,refimgs/lighthouse2.bmp,55.713789858870115,59.567814555450866,2.251308749665689
gaussian_blur,54,gblur/img54.bmp,refimgs/statue.bmp,55.19597312450631,59.07594073978924,1.5641668521929553
gaussian_blur,55,gblur/img55.bmp,refimgs/lighthouse2.bmp,47.71158036037685,50.30002190258614,2.1036959968633115
gaussian_blur,56,gblur/img56.bmp,refimgs/parrots.bmp,36.5850812146053,37.03663806134327,1.3977156183039796
gaussian_blur,57,gblur/img57.bmp,refimgs/ocean.bmp,50.58724397755238,53.613271673219984,2.7568712876555725
gaussian_blur,58,gblur/img58.bmp,refimgs/stream.bmp,66.90420924161855,72.87394931569021,1.888854976575692
gaussian_blur,59,gblur/img59.bmp,refimgs/carnivaldolls.bmp,41.65138653194293,43.22494778304786,1.9558464014740196
gaussian_blur,60,gblur/img60.bmp,refimgs/bikes.bmp,22.234477454208136,20.19888494169012,2.256347290535547
gaussian_blur,61,gblur/img61.bmp,refimgs/womanhat.bmp,27.75871955510981,26.8104249250671,2.083209292708992
gaussian_blur,62,gblur/img62.bmp,refimgs/buildings.bmp,33.33511312508796,33.289587739887395,1.9997587953047948
gaussian_blur,63,gblur/img63.bmp,refimgs/plane.bmp,20.809235573080496,18.638782031279458,1.8595906014930912
gaussian_blur,64,gblur/img64.bmp,refimgs/woman.bmp,37.84717528669362,38.730110284620814,2.1992965017924417
gaussian_blur,65,gblur/img65.bmp,refimgs/flowersonih35.bmp,40.281254491939656,41.54577164748736,1.5546796990651282
gaussian_blur,66,gblur/img66.bmp,refimgs/churchandcapitol.bmp,55.06486273195787,58.91249145488299,1.7660556719850444
gaussian_blur,67,gblur/img67.bmp,refimgs/manfishing.bmp,24.513675278705417,22.83897810739422,1.081157775318624
gaussian_blur,68,gblur/img68.bmp,refimgs/woman.bmp,60.0259719900808,64.7162926008737,1.8335523152937063
gaussian_blur,69,gblur/img69.bmp,refimgs/parrots.bmp,72.81132894521068,79.75902400389953,2.4235697617880843
gaussian_blur,70,gblur/img70.bmp,refimgs/caps.bmp,69.15498279346312,75.36497201033434,1.814286704256212
gaussian_blur,71,gblur/img71.bmp,refimgs/stream.bmp,22.501125265298416,20.381731958065036,1.172616531525297
gaussian_blur,72,gblur/img72.bmp,refimgs/sailing2.bmp,45.72421426233743,47.86237098807869,1.905641321629917
gaussian_blur,73,gblur/img73.bmp,refimgs/buildings.bmp,56.17541354782445,60.10697150963521,1.630337445805143
gaussian_blur,74,gblur/img74.bmp,refimgs/sailing1.bmp,39.71115995972173,40.94953032442054,2.0614826406073803
gaussian_blur,75,gblur/img75.bmp,refimgs/lighthouse2.bmp,41.05616826836822,42.418404613662226,1.748948388118464
gaussian_blur,76,gblur/img76.bmp,refimgs/sailing4.bmp,39.24460142981521,40.31616322660909,2.747517042495489
gaussian_blur,77,gblur/img77.bmp,refimgs/statue.bmp,39.57008513087928,40.77253768425125,1.9992968372138171
gaussian_blur,78,gblur/img78.bmp,refimgs/manfishing.bmp,62.410386140190816,67.58397974933878,2.0672094371308085
gaussian_blur,79,gblur/img79.bmp,refimgs/sailing3.bmp,37.43657777600951,38.207970020009036,1.9523390035186423
gaussian_blur,80,gblur/img80.bmp,refimgs/building2.bmp,40.970800691725266,42.393658246536816,2.359836118641247
gaussian_blur,81,gblur/img81.bmp,refimgs/paintedhouse.bmp,44.616159557027885,46.51061125048729,2.0754952824460577
gaussian_blur,82,gblur/img82.bmp,refimgs/womanhat.bmp,23.14163087157064,21.322050993497648,1.9008501169662875
gaussian_blur,83,gblur/img83.bmp,refimgs/cemetry.bmp,60.09726608656661,64.73522264796105,1.8756951462645601
gaussian_blur,84,gblur/img84.bmp,refimgs/sailing2.bmp,27.160944562526538,26.21419093598192,2.4413108526282534
gaussian_blur,85,gblur/img85.bmp,refimgs/flowersonih35.bmp,52.8581343666631,56.267384043975134,2.1177072259806606
gaussian_blur,86,gblur/img86.bmp,refimgs/plane.bmp,36.651323953230474,37.337748831262275,1.779155522415742
gaussian_blur,87,gblur/img87.bmp,refimgs/flowersonih35.bmp,37.18805804002539,38.07307012751651,2.172449767322129
gaussian_blur,88,gblur/img88.bmp,refimgs/caps.bmp,60.83318137615688,65.58275601959907,1.557926702287045
gaussian_blur,89,gblur/img89.bmp,refimgs/sailing4.bmp,31.005705953226382,30.699919723279706,2.752166164812364
gaussian_blur,90,gblur/img90.bmp,refimgs/flowersonih35.bmp,22.60390150476486,20.69642513725109,1.5865771680778582
gaussian_blur,91,gblur/img91.bmp,refimgs/churchandcapitol.bmp,46.44808207928415,48.86374565914097,1.9373219706232583
gaussian_blur,92,gblur/img92.bmp,refimgs/ocean.bmp,24.38255665342359,22.85851059949997,1.5102789187268693
gaussian_blur,93,gblur/img93.bmp,refimgs/dancers.bmp,43.83337619048746,45.65407108816057,1.7586950163318038
gaussian_blur,94,gblur/img94.bmp,refimgs/house.bmp,25.621121132952435,24.30864453533312,1.8106389732019526
gaussian_blur,95,gblur/img95.bmp,refimgs/carnivaldolls.bmp,19.713146226260495,17.156424264142174,1.2637741370305293
gaussian_blur,96,gblur/img96.bmp,refimgs/monarch.bmp,23.235457379510514,21.419440237228148,2.257559883616584
gaussian_blur,97,gblur/img97.bmp,refimgs/lighthouse.bmp,49.99575757714087,52.89921636764908,1.996390893527806
gaussian_blur,98,gblur/img98.bmp,refimgs/statue.bmp,27.858361840068415,26.93797934114651,1.6732859578912507
gaussian_blur,99,gblur/img99.bmp,refimgs/woman.bmp,55.50823592676681,59.43768243275185,2.1257372947241175
gaussian_blur,100,gblur/img100.bmp,refimgs/studentsculpture.bmp,52.56069129864255,55.99099722787511,1.9330781648894442
gaussian_blur,101,gblur/img101.bmp,refimgs/coinsinfountain.bmp,27.209390295891918,26.079483169620147,1.575332735995221
gaussian_blur,102,gblur/img102.bmp,refimgs/lighthouse.bmp,32.998157461121515,33.02457411335329,1.6598212528591836
gaussian_blur,103,gblur/img103.bmp,refimgs/monarch.bmp,40.40106473146633,41.62202095479563,2.1992943575966315
gaussian_blur,104,gblur/img104.bmp,refimgs/churchandcapitol.bmp,82.28872006727453,90.83144264010389,1.6195672422225718
gaussian_blur,105,gblur/img105.bmp,refimgs/parrots.bmp,63.86249522881483,69.29558963921917,1.9469798613148697
gaussian_blur,106,gblur/img106.bmp,refimgs/ocean.bmp,28.226852237620903,27.43814252019736,1.7474789512431663
gaussian_blur,107,gblur/img107.bmp,refimgs/flowersonih35.bmp,67.1801054018408,73.06324854706611,1.937230645973493
gaussian_blur,108,gblur/img108.bmp,refimgs/studentsculpture.bmp,22.80333289229401,20.98121105422193,1.9825914298390337
gaussian_blur,109,gblur/img109.bmp,refimgs/cemetry.bmp,41.97731378997512,43.64868973704411,1.628680913975531
gaussian_blur,110,gblur/img110.bmp,refimgs/paintedhouse.bmp,42.07092681085049,43.59300169983794,1.8216023261071943
gaussian_blur,111,gblur/img111.bmp,refimgs/sailing3.bmp,26.669369981522706,25.46083862616192,2.523224372749732
gaussian_blur,112,gblur/img112.bmp,refimgs/bikes.bmp,30.475004910450938,29.841330546597327,2.0974082425340135
gaussian_blur,113,gblur/img113.bmp,refimgs/house.bmp,43.275131761734585,45.10971717685527,1.7881308838729517
gaussian_blur,114,gblur/img114.bmp,refimgs/sailing3.bmp,49.396519730786544,52.283257841139225,2.151144842192191
gaussian_blur,115,gblur/img115.bmp,refimgs/caps.bmp,54.14973576761499,57.78121193545228,2.1414660647530557
gaussian_blur,116,gblur/img116.bmp,refimgs/paintedhouse.bmp,78.57666525276662,86.27444720136725,2.371653802697252
gaussian_blur,117,gblur/img117.bmp,refimgs/ocean.bmp,77.0118641078761,84.55564220108053,1.9714606038523592
gaussian_blur,118,gblur/img118.bmp,refimgs/lighthouse2.bmp,64.71324189989232,70.26112633028697,1.766019239173562
gaussian_blur,119,gblur/img119.bmp,refimgs/ocean.bmp,39.238128848250184,40.38463431058608,1.8165778472355079
gaussian_blur,120,gblur/img120.bmp,refimgs/statue.bmp,66.07056502909931,71.84453613923937,1.446242440031924
gaussian_blur,121,gblur/img121.bmp,refimgs/sailing4.bmp,68.43497242784876,74.66704277991492,2.097593302463487
gaussian_blur,122,gblur/img122.bmp,refimgs/house.bmp,37.224948275998834,38.009055999426565,1.8003603577480416
gaussian_blur,123,gblur/img123.bmp,refimgs/coinsinfountain.bmp,57.152442981073094,61.346819585982885,1.5615860957580692
gaussian_blur,124,gblur/img124.bmp,refimgs/sailing3.bmp,60.09570927918292,64.71710859945146,1.782404360910398
gaussian_blur,125,gblur/img125.bmp,refimgs/sailing1.bmp,62.85753622175301,68.01663301489151,2.1771822093098345
gaussian_blur,126,gblur/img126.bmp,refimgs/stream.bmp,35.883758592277594,36.50002223269209,2.02092118076
gaussian_blur,127,gblur/img127.bmp,refimgs/sailing4.bmp,50.14722393990888,53.305640851612196,3.021715171795851
gaussian_blur,128,gblur/img128.bmp,refimgs/dancers.bmp,54.393671891825576,58.02915765036237,1.8298860160782875
gaussian_blur,129,gblur/img129.bmp,refimgs/bikes.bmp,29.947983790473323,29.31846908583694,2.0792447693044007
gaussian_blur,130,gblur/img130.bmp,refimgs/sailing1.bmp,47.06165651678819,49.54061655633064,2.1183774275666685
gaussian_blur,131,gblur/img131.bmp,refimgs/statue.bmp,52.210786947266875,55.584211099300234,1.5209358765131336
gaussian_blur,132,gblur/img132.bmp,refimgs/womanhat.bmp,59.42960210279069,64.12525460567022,2.358234407205805
gaussian_blur,133,gblur/img133.bmp,refimgs/lighthouse2.bmp,26.27587739563282,24.91286361762859,1.175522088565494
gaussian_blur,134,gblur/img134.bmp,refimgs/buildings.bmp,46.68926805929724,48.95564454107609,2.1862955425328296
gaussian_blur,135,gblur/img135.bmp,refimgs/cemetry.bmp,45.65957934684874,47.96322103017178,1.7730139063342016
gaussian_blur,136,gblur/img136.bmp,refimgs/sailing4.bmp,30.698135948719578,30.4216928832291,2.083740406387225
gaussian_blur,137,gblur/img137.bmp,refimgs/building2.bmp,19.944546516952613,17.750595646159454,1.8000736006243856
gaussian_blur,138,gblur/img138.bmp,refimgs/house.bmp,67.05636897113352,73.01791251884717,1.7838263232170697
gaussian_blur,139,gblur/img139.bmp,refimgs/plane.bmp,59.82513779423124,64.55945570551016,1.7571187484147568
gaussian_blur,140,gblur/img140.bmp,refimgs/woman.bmp,38.6747713027579,39.758967595843245,1.8556972294792302
gaussian_blur,141,gblur/img141.bmp,refimgs/rapids.bmp,53.13733444795941,56.67448459201258,1.6383158275062488
gaussian_blur,142,gblur/img142.bmp,refimgs/churchandcapitol.bmp,30.953530683278736,30.519428175117486,1.709836560292934
gaussian_blur,143,gblur/img143.bmp,refimgs/cemetry.bmp,33.81920938244369,33.84223042572021,1.344143883670629
gaussian_blur,144,gblur/img144.bmp,refimgs/sailing3.bmp,66.3321937439254,72.07038503902243,2.1843112908282403
gaussian_blur,145,gblur/img145.bmp,refimgs/woman.bmp,23.87507059399361,22.31027731867567,2.053298466265542
gaussian_blur,146,gblur/img146.bmp,refimgs/coinsinfountain.bmp,0.0,0.0,0.0
gaussian_blur,147,gblur/img147.bmp,refimgs/ocean.bmp,0.0,0.0,0.0
gaussian_blur,148,gblur/img148.bmp,refimgs/statue.bmp,0.0,0.0,0.0
gaussian_blur,149,gblur/img149.bmp,refimgs/dancers.bmp,0.0,0.0,0.0
gaussian_blur,150,gblur/img150.bmp,refimgs/paintedhouse.bmp,0.0,0.0,0.0
gaussian_blur,151,gblur/img151.bmp,refimgs/stream.bmp,0.0,0.0,0.0
gaussian_blur,152,gblur/img152.bmp,refimgs/bikes.bmp,0.0,0.0,0.0
gaussian_blur,153,gblur/img153.bmp,refimgs/flowersonih35.bmp,0.0,0.0,0.0
gaussian_blur,154,gblur/img154.bmp,refimgs/parrots.bmp,0.0,0.0,0.0
gaussian_blur,155,gblur/img155.bmp,refimgs/studentsculpture.bmp,0.0,0.0,0.0
gaussian_blur,156,gblur/img156.bmp,refimgs/building2.bmp,0.0,0.0,0.0
gaussian_blur,157,gblur/img157.bmp,refimgs/plane.bmp,0.0,0.0,0.0
gaussian_blur,158,gblur/img158.bmp,refimgs/woman.bmp,0.0,0.0,0.0
gaussian_blur,159,gblur/img159.bmp,refimgs/buildings.bmp,0.0,0.0,0.0
gaussian_blur,160,gblur/img160.bmp,refimgs/house.bmp,0.0,0.0,0.0
gaussian_blur,161,gblur/img161.bmp,refimgs/rapids.bmp,0.0,0.0,0.0
gaussian_blur,162,gblur/img162.bmp,refimgs/womanhat.bmp,0.0,0.0,0.0
gaussian_blur,163,gblur/img163.bmp,refimgs/caps.bmp,0.0,0.0,0.0
gaussian_blur,164,gblur/img164.bmp,refimgs/lighthouse.bmp,0.0,0.0,0.0
gaussian_blur,165,gblur/img165.bmp,refimgs/sailing1.bmp,0.0,0.0,0.0
gaussian_blur,166,gblur/img166.bmp,refimgs/carnivaldolls.bmp,0.0,0.0,0.0
gaussian_blur,167,gblur/img167.bmp,refimgs/lighthouse2.bmp,0.0,0.0,0.0
gaussian_blur,168,gblur/img168.bmp,refimgs/sailing2.bmp,0.0,0.0,0.0
gaussian_blur,169,gblur/img169.bmp,refimgs/cemetry.bmp,0.0,0.0,0.0
gaussian_blur,170,gblur/img170.bmp,refimgs/manfishing.bmp,0.0,0.0,0.0
gaussian_blur,171,gblur/img171.bmp,refimgs/sailing3.bmp,0.0,0.0,0.0
gaussian_blur,172,gblur/img172.bmp,refimgs/churchandcapitol.bmp,0.0,0.0,0.0
gaussian_blur,173,gblur/img173.bmp,refimgs/monarch.bmp,0.0,0.0,0.0
gaussian_blur,174,gblur/img174.bmp,refimgs/sailing4.bmp,0.0,0.0,0.0
fast_fading,1,fastfading/img1.bmp,refimgs/coinsinfountain.bmp,60.20396230395742,75.69834484894027,3.1697271612014375
fast_fading,2,fastfading/img2.bmp,refimgs/coinsinfountain.bmp,58.27823032567312,72.38923371278747,3.127486454760219
fast_fading,3,fastfading/img3.bmp,refimgs/coinsinfountain.bmp,56.94935356368719,70.14186312814755,4.081609982408548
fast_fading,4,fastfading/img4.bmp,refimgs/coinsinfountain.bmp,28.709063084340386,21.236876374403256,3.5604776169504753
fast_fading,5,fastfading/img5.bmp,refimgs/coinsinfountain.bmp,23.994366782488648,13.035300360483568,2.6454161129929696
fast_fading,6,fastfading/img6.bmp,refimgs/ocean.bmp,52.17093178292307,61.91884706998839,3.532928485111395
fast_fading,7,fastfading/img7.bmp,refimgs/ocean.bmp,46.11334734203969,51.55241265731182,3.751627275678651
fast_fading,8,fastfading/img8.bmp,refimgs/ocean.bmp,64.48012752171866,83.14840637381712,3.6075979180579907
fast_fading,9,fastfading/img9.bmp,refimgs/ocean.bmp,52.843066955595795,63.12396333336599,3.3040264347306105
fast_fading,10,fastfading/img10.bmp,refimgs/ocean.bmp,19.880777773284784,5.932762842632151,2.2750658347201465
fast_fading,11,fastfading/img11.bmp,refimgs/statue.bmp,58.158764730827215,72.19553583563231,3.419802659667145
fast_fading,12,fastfading/img12.bmp,refimgs/statue.bmp,43.11096125865286,46.15722197754742,3.25811532493205
fast_fading,13,fastfading/img13.bmp,refimgs/statue.bmp,22.608524495279426,10.62005747868401,2.2118867692393525
fast_fading,14,fastfading/img14.bmp,refimgs/statue.bmp,27.852833569295854,19.717544269834338,2.91890489633748
fast_fading,15,fastfading/img15.bmp,refimgs/statue.bmp,22.747843329161174,10.833354821743228,2.734508675045638
fast_fading,16,fastfading/img16.bmp,refimgs/dancers.bmp,54.413686833834596,65.82497819643346,3.5601464054188727
fast_fading,17,fastfading/img17.bmp,refimgs/dancers.bmp,47.849953964607174,54.373331274324045,2.357956180299048
fast_fading,18,fastfading/img18.bmp,refimgs/dancers.bmp,63.25450438305444,81.0179705378508,2.4832328267043593
fast_fading,19,fastfading/img19.bmp,refimgs/dancers.bmp,40.68903262975969,41.92217758138109,2.806607407404946
fast_fading,20,fastfading/img20.bmp,refimgs/dancers.bmp,29.21077712955032,22.00058839495432,3.840798353513802
fast_fading,21,fastfading/img21.bmp,refimgs/paintedhouse.bmp,61.71215263698652,78.39976353763907,2.906424772847812
fast_fading,22,fastfading/img22.bmp,refimgs/paintedhouse.bmp,52.53970356037682,62.589208895964546,3.767154345056687
fast_fading,23,fastfading/img23.bmp,refimgs/paintedhouse.bmp,43.52277520373929,47.03150565208161,3.227418955062686
fast_fading,24,fastfading/img24.bmp,refimgs/paintedhouse.bmp,47.884829376743305,54.39350290165264,2.510187826320524
fast_fading,25,fastfading/img25.bmp,refimgs/paintedhouse.bmp,24.33354975351484,13.64960869971246,3.3201203148056284
fast_fading,26,fastfading/img26.bmp,refimgs/stream.bmp,55.14997767965747,67.11403306513637,4.202435523831104
fast_fading,27,fastfading/img27.bmp,refimgs/stream.bmp,22.721953089662765,10.904306643436378,3.1961503007211456
fast_fading,28,fastfading/img28.bmp,refimgs/stream.bmp,25.561422349359365,15.804461414590346,2.148882452322508
fast_fading,29,fastfading/img29.bmp,refimgs/stream.bmp,25.762151987410718,16.145172839516636,2.552095474903708
fast_fading,30,fastfading/img30.bmp,refimgs/stream.bmp,20.657547226432058,7.247282319675264,1.9060613536718118
fast_fading,31,fastfading/img31.bmp,refimgs/bikes.bmp,74.02538179364083,99.58651348686959,3.245519320395442
fast_fading,32,fastfading/img32.bmp,refimgs/bikes.bmp,46.69234531378946,52.327717808871576,2.954243541648991
fast_fading,33,fastfading/img33.bmp,refimgs/bikes.bmp,35.59452200040411,33.16214637834979,2.596156795337599
fast_fading,34,fastfading/img34.bmp,refimgs/bikes.bmp,22.554290713321798,10.492456034882686,2.81934062618964
fast_fading,35,fastfading/img35.bmp,refimgs/bikes.bmp,44.684429870826605,48.840839515922575,3.0754059271343475
fast_fading,36,fastfading/img36.bmp,refimgs/flowersonih35.bmp,48.059379456363054,54.76502889570662,2.60932535108315
fast_fading,37,fastfading/img37.bmp,refimgs/flowersonih35.bmp,71.74686317259881,95.77409374141652,3.419685102521834
fast_fading,38,fastfading/img38.bmp,refimgs/flowersonih35.bmp,34.17122363638728,30.78023533858247,3.1321979313328745
fast_fading,39,fastfading/img39.bmp,refimgs/flowersonih35.bmp,36.02501784649157,34.07425249043993,4.782410081382477
fast_fading,40,fastfading/img40.bmp,refimgs/flowersonih35.bmp,25.924933011386777,16.429121525519584,3.0877140298460852
fast_fading,41,fastfading/img41.bmp,refimgs/parrots.bmp,44.064011873576916,47.90779725297225,3.7454853414753413
fast_fading,42,fastfading/img42.bmp,refimgs/parrots.bmp,50.09550072096695,58.41939049817109,4.012353367286302
fast_fading,43,fastfading/img43.bmp,refimgs/parrots.bmp,20.658669914588216,7.234500306160264,1.781069037632149
fast_fading,44,fastfading/img44.bmp,refimgs/parrots.bmp,28.426551837130564,20.695027475202703,2.553261450413017
fast_fading,45,fastfading/img45.bmp,refimgs/parrots.bmp,18.384752812502445,3.3916336118871087,2.5350742658568346
fast_fading,46,fastfading/img46.bmp,refimgs/studentsculpture.bmp,65.1444765118089,84.35398937606175,3.238886798851759
fast_fading,47,fastfading/img47.bmp,refimgs/studentsculpture.bmp,73.67472823425321,99.04090626921534,2.027024004253147
fast_fading,48,fastfading/img48.bmp,refimgs/studentsculpture.bmp,49.40942469645501,57.11706071800262,3.488755211393321
fast_fading,49,fastfading/img49.bmp,refimgs/studentsculpture.bmp,24.163027793216003,13.315534024440112,3.0707170780852175
fast_fading,50,fastfading/img50.bmp,refimgs/studentsculpture.bmp,24.81676818416552,14.480616750326682,2.7747063316240057
fast_fading,51,fastfading/img51.bmp,refimgs/building2.bmp,65.45383851704682,84.84405450844739,2.9519268338376077
fast_fading,52,fastfading/img52.bmp,refimgs/building2.bmp,75.7558909540007,102.67047076529366,2.2018292848094734
fast_fading,53,fastfading/img53.bmp,refimgs/building2.bmp,44.84198668874369,49.21986908481058,3.464605737687111
fast_fading,54,fastfading/img54.bmp,refimgs/building2.bmp,22.907287648296585,11.099089191674402,1.706059328837654
fast_fading,55,fastfading/img55.bmp,refimgs/building2.bmp,25.74324917886052,16.0834094198751,2.9001883762226464
fast_fading,56,fastfading/img56.bmp,refimgs/plane.bmp,45.106983471690555,49.8049500050861,3.9564060748368686
fast_fading,57,fastfading/img57.bmp,refimgs/plane.bmp,60.2895726777077,76.03556974499287,3.346654336780054
fast_fading,58,fastfading/img58.bmp,refimgs/plane.bmp,71.87112528783484,95.95778317943885,2.796728293298564
fast_fading,59,fastfading/img59.bmp,refimgs/plane.bmp,21.936143181102107,9.426468350910561,3.1401913610335006
fast_fading,60,fastfading/img60.bmp,refimgs/plane.bmp,24.784801599023076,14.523194856047589,3.641240043239738
fast_fading,61,fastfading/img61.bmp,refimgs/woman.bmp,60.18761196298745,75.73546444515758,4.283344124735823
fast_fading,62,fastfading/img62.bmp,refimgs/woman.bmp,59.03672673178852,73.80284324741564,4.298119492721364
fast_fading,63,fastfading/img63.bmp,refimgs/woman.bmp,28.232750641667195,20.510661566218758,4.5245745138395606
fast_fading,64,fastfading/img64.bmp,refimgs/woman.bmp,22.34725068046415,10.139030733080304,2.781167148408399
fast_fading,65,fastfading/img65.bmp,refimgs/woman.bmp,67.23643559807651,87.9097236928659,3.486210547961122
fast_fading,66,fastfading/img66.bmp,refimgs/buildings.bmp,50.61844789683425,59.220408784962586,2.554823999854392
fast_fading,67,fastfading/img67.bmp,refimgs/buildings.bmp,58.85341168013779,73.46184832990365,2.800612226033104
fast_fading,68,fastfading/img68.bmp,refimgs/buildings.bmp,56.51507879283675,69.5058791325869,3.2919404520734865
fast_fading,69,fastfading/img69.bmp,refimgs/buildings.bmp,68.30919108956431,89.79611578262839,2.4885579828991586
fast_fading,70,fastfading/img70.bmp,refimgs/buildings.bmp,21.16647786107046,8.049363347373571,2.08687210907679
fast_fading,71,fastfading/img71.bmp,refimgs/house.bmp,73.00077914043769,97.87628555010909,2.358448027031954
fast_fading,72,fastfading/img72.bmp,refimgs/house.bmp,29.550849404812872,22.841368890743222,3.2015883049673124
fast_fading,73,fastfading/img73.bmp,refimgs/house.bmp,37.71485967708266,36.83680677608689,2.8757061211864245
fast_fading,74,fastfading/img74.bmp,refimgs/house.bmp,22.882540385998958,11.021255348207085,3.743495203105928
fast_fading,75,fastfading/img75.bmp,refimgs/house.bmp,22.801778179077623,10.886885674413485,3.460430796672716
fast_fading,76,fastfading/img76.bmp,refimgs/rapids.bmp,73.01922493600642,97.93005426044192,2.194877282581972
fast_fading,77,fastfading/img77.bmp,refimgs/rapids.bmp,43.343933783899175,46.61397691273123,3.1057913931358034
fast_fading,78,fastfading/img78.bmp,refimgs/rapids.bmp,42.88348282361818,45.771721280740564,1.7099508828898748
fast_fading,79,fastfading/img79.bmp,refimgs/rapids.bmp,49.28064464317524,57.0121131162158,3.4968501618212335
fast_fading,80,fastfading/img80.bmp,refimgs/rapids.bmp,20.37669295822947,6.827347477667608,1.778578809301602
fast_fading,81,fastfading/img81.bmp,refimgs/womanhat.bmp,44.67319601003713,48.85321204142524,3.0397827727771167
fast_fading,82,fastfading/img82.bmp,refimgs/womanhat.bmp,40.449993660181754,41.631702200296125,3.4343585222600104
fast_fading,83,fastfading/img83.bmp,refimgs/womanhat.bmp,30.5516305767306,24.486863891147017,4.193385518933229
fast_fading,84,fastfading/img84.bmp,refimgs/womanhat.bmp,27.4964852724678,19.021435287056377,3.4492401408015243
fast_fading,85,fastfading/img85.bmp,refimgs/womanhat.bmp,47.9970182401831,54.56990823000827,2.6554492421450697
fast_fading,86,fastfading/img86.bmp,refimgs/caps.bmp,69.00738835274029,90.82715103470838,3.1179694450311066
fast_fading,87,fastfading/img87.bmp,refimgs/caps.bmp,60.05538598092039,75.44972331293029,2.479285844547587
fast_fading,88,fastfading/img88.bmp,refimgs/caps.bmp,50.70893478391373,59.172591067376246,3.318311520530094
fast_fading,89,fastfading/img89.bmp,refimgs/caps.bmp,34.452727420972266,31.05987190620283,3.7435920642793663
fast_fading,90,fastfading/img90.bmp,refimgs/caps.bmp,42.48963528480122,45.10596694497139,3.6375787774980446
fast_fading,91,fastfading/img91.bmp,refimgs/lighthouse.bmp,48.62980020738564,55.63083463174906,2.1833212843685974
fast_fading,92,fastfading/img92.bmp,refimgs/lighthouse.bmp,63.51936093738853,81.44321011813874,2.743516216475299
fast_fading,93,fastfading/img93.bmp,refimgs/lighthouse.bmp,38.631637263321714,38.38644793948208,2.7820362039379245
fast_fading,94,fastfading/img94.bmp,refimgs/lighthouse.bmp,43.357660486497814,46.66136696626988,3.62080927274637
fast_fading,95,fastfading/img95.bmp,refimgs/lighthouse.bmp,50.29223218246293,58.4995162932027,3.369791629000233
fast_fading,96,fastfading/img96.bmp,refimgs/sailing1.bmp,71.89723736681489,96.01007026787254,2.28202884767212
fast_fading,97,fastfading/img97.bmp,refimgs/sailing1.bmp,57.61656847253532,71.3583186945212,2.463917143356269
fast_fading,98,fastfading/img98.bmp,refimgs/sailing1.bmp,28.56515376187798,20.898734424376453,3.638273542728558
fast_fading,99,fastfading/img99.bmp,refimgs/sailing1.bmp,51.33216624755064,60.48403996902601,2.933472271225668
fast_fading,100,fastfading/img100.bmp,refimgs/sailing1.bmp,53.85493110320889,64.71622731164517,3.3057358170459605
fast_fading,101,fastfading/img101.bmp,refimgs/carnivaldolls.bmp,51.598912685764695,60.849733945404864,2.388123931671707
fast_fading,102,fastfading/img102.bmp,refimgs/carnivaldolls.bmp,38.387770590922344,37.96393061413332,3.009389934191752
fast_fading,103,fastfading/img103.bmp,refimgs/carnivaldolls.bmp,55.53380231585767,67.64800840348245,2.6143571792538722
fast_fading,104,fastfading/img104.bmp,refimgs/carnivaldolls.bmp,21.989942428231444,9.516793517983984,2.007024960002839
fast_fading,105,fastfading/img105.bmp,refimgs/carnivaldolls.bmp,23.9204494089335,12.867990241491285,1.8427295100311356
fast_fading,106,fastfading/img106.bmp,refimgs/lighthouse2.bmp,53.82623745271187,64.70246714917701,2.753347587553952
fast_fading,107,fastfading/img107.bmp,refimgs/lighthouse2.bmp,49.57856814402739,57.32734095341542,2.9129814779071825
fast_fading,108,fastfading/img108.bmp,refimgs/lighthouse2.bmp,48.51290494846874,55.59412076716161,2.1927887874688365
fast_fading,109,fastfading/img109.bmp,refimgs/lighthouse2.bmp,34.275406961300426,30.886193546551326,2.588726324195452
fast_fading,110,fastfading/img110.bmp,refimgs/lighthouse2.bmp,21.861082780197286,9.347556490035203,2.411174140159029
fast_fading,111,fastfading/img111.bmp,refimgs/sailing2.bmp,47.868478423392304,54.35298311169535,2.6766002595811735
fast_fading,112,fastfading/img112.bmp,refimgs/sailing2.bmp,56.93055184204178,70.07786306570196,2.966244273933893
fast_fading,113,fastfading/img113.bmp,refimgs/sailing2.bmp,47.92923240509558,54.5241692380685,2.889528710311473
fast_fading,114,fastfading/img114.bmp,refimgs/sailing2.bmp,35.91915649580256,33.72183274128713,2.657067173155523
fast_fading,115,fastfading/img115.bmp,refimgs/sailing2.bmp,33.230603831873566,29.190695911377848,3.9701638514948523
fast_fading,116,fastfading/img116.bmp,refimgs/cemetry.bmp,74.84023976789214,101.10825291523571,2.4406541814442306
fast_fading,117,fastfading/img117.bmp,refimgs/cemetry.bmp,61.57439855567809,78.21645963703683,2.7391242575062376
fast_fading,118,fastfading/img118.bmp,refimgs/cemetry.bmp,51.50982039992107,60.8486362170736,3.1351943888756497
fast_fading,119,fastfading/img119.bmp,refimgs/cemetry.bmp,21.24550718918256,8.316406055870281,1.9554300152977395
fast_fading,120,fastfading/img120.bmp,refimgs/cemetry.bmp,66.50936890603413,86.77278366007693,3.1285980626516863
fast_fading,121,fastfading/img121.bmp,refimgs/manfishing.bmp,51.201814535488495,60.250015561555244,2.325699329664588
fast_fading,122,fastfading/img122.bmp,refimgs/manfishing.bmp,55.75483745256088,68.1452285836704,3.3145174194112403
fast_fading,123,fastfading/img123.bmp,refimgs/manfishing.bmp,40.29495291275945,41.420846502466745,2.8952341283739447
fast_fading,124,fastfading/img124.bmp,refimgs/manfishing.bmp,25.113564885030108,15.137590014892428,2.9628292631897124
fast_fading,125,fastfading/img125.bmp,refimgs/manfishing.bmp,21.01374189782256,7.880271887900541,2.405503147670406
fast_fading,126,fastfading/img126.bmp,refimgs/sailing3.bmp,58.49412910216877,72.89473698628494,3.6091856402698874
fast_fading,127,fastfading/img127.bmp,refimgs/sailing3.bmp,28.610335372582234,21.24627124932043,3.6629143010648098
fast_fading,128,fastfading/img128.bmp,refimgs/sailing3.bmp,28.619708664613675,21.11139930138125,2.684285414256129
fast_fading,129,fastfading/img129.bmp,refimgs/sailing3.bmp,21.63835685637893,8.934551287688677,2.5417904638309805
fast_fading,130,fastfading/img130.bmp,refimgs/sailing3.bmp,21.859096004377534,9.347234220443333,2.575154665777079
fast_fading,131,fastfading/img131.bmp,refimgs/churchandcapitol.bmp,76.97080689505654,104.70492246757584,2.409537455484973
fast_fading,132,fastfading/img132.bmp,refimgs/churchandcapitol.bmp,75.00164167515752,101.3192233316755,2.6572868615072904
fast_fading,133,fastfading/img133.bmp,refimgs/churchandcapitol.bmp,25.039342654439164,15.0356065260457,3.191022867828171
fast_fading,134,fastfading/img134.bmp,refimgs/churchandcapitol.bmp,26.334531585561763,17.1034743529604,2.548192727180563
fast_fading,135,fastfading/img135.bmp,refimgs/churchandcapitol.bmp,38.99377494533439,38.976724838748005,3.4966203320989897
fast_fading,136,fastfading/img136.bmp,refimgs/monarch.bmp,54.178036360181906,65.49515916274478,2.975757582916927
fast_fading,137,fastfading/img137.bmp,refimgs/monarch.bmp,44.6232087020917,48.792583586716695,2.568297687884678
fast_fading,138,fastfading/img138.bmp,refimgs/monarch.bmp,32.19273641933354,27.265533499406082,2.5036021190743174
fast_fading,139,fastfading/img139.bmp,refimgs/monarch.bmp,20.513561863281172,7.027264242310558,2.133388254236195
fast_fading,140,fastfading/img140.bmp,refimgs/monarch.bmp,21.877023873740548,9.283473183604272,2.9089051379750694
fast_fading,141,fastfading/img141.bmp,refimgs/sailing4.bmp,57.78625829863313,71.64224760757007,3.2254810344107865
fast_fading,142,fastfading/img142.bmp,refimgs/sailing4.bmp,46.972494017952975,53.05297800439078,4.228283455349321
fast_fading,143,fastfading/img143.bmp,refimgs/sailing4.bmp,36.7992661412233,35.23314372392792,3.2983697406123293
fast_fading,144,fastfading/img144.bmp,refimgs/sailing4.bmp,48.94357164504853,56.34115606262271,4.190307991229467
fast_fading,145,fastfading/img145.bmp,refimgs/sailing4.bmp,36.06660548802792,34.05021940048932,4.626759343126753
fast_fading,146,fastfading/img146.bmp,refimgs/coinsinfountain.bmp,0.0,0.0,0.0
fast_fading,147,fastfading/img147.bmp,refimgs/ocean.bmp,0.0,0.0,0.0
fast_fading,148,fastfading/img148.bmp,refimgs/statue.bmp,0.0,0.0,0.0
fast_fading,149,fastfading/img149.bmp,refimgs/dancers.bmp,0.0,0.0,0.0
fast_fading,150,fastfading/img150.bmp,refimgs/paintedhouse.bmp,0.0,0.0,0.0
fast_fading,151,fastfading/img151.bmp,refimgs/stream.bmp,0.0,0.0,0.0
fast_fading,152,fastfading/img152.bmp,refimgs/bikes.bmp,0.0,0.0,0.0
fast_fading,153,fastfading/img153.bmp,refimgs/flowersonih35.bmp,0.0,0.0,0.0
fast_fading,154,fastfading/img154.bmp,refimgs/parrots.bmp,0.0,0.0,0.0
fast_fading,155,fastfading/img155.bmp,refimgs/studentsculpture.bmp,0.0,0.0,0.0
fast_fading,156,fastfading/img156.bmp,refimgs/building2.bmp,0.0,0.0,0.0
fast_fading,157,fastfading/img157.bmp,refimgs/plane.bmp,0.0,0.0,0.0
fast_fading,158,fastfading/img158.bmp,refimgs/woman.bmp,0.0,0.0,0.0
fast_fading,159,fastfading/img159.bmp,refimgs/buildings.bmp,0.0,0.0,0.0
fast_fading,160,fastfading/img160.bmp,refimgs/house.bmp,0.0,0.0,0.0
fast_fading,161,fastfading/img161.bmp,refimgs/rapids.bmp,0.0,0.0,0.0
fast_fading,162,fastfading/img162.bmp,refimgs/womanhat.bmp,0.0,0.0,0.0
fast_fading,163,fastfading/img163.bmp,refimgs/caps.bmp,0.0,0.0,0.0
fast_fading,164,fastfading/img164.bmp,refimgs/lighthouse.bmp,0.0,0.0,0.0
fast_fading,165,fastfading/img165.bmp,refimgs/sailing1.bmp,0.0,0.0,0.0
fast_fading,166,fastfading/img166.bmp,refimgs/carnivaldolls.bmp,0.0,0.0,0.0
fast_fading,167,fastfading/img167.bmp,refimgs/lighthouse2.bmp,0.0,0.0,0.0
fast_fading,168,fastfading/img168.bmp,refimgs/sailing2.bmp,0.0,0.0,0.0
fast_fading,169,fastfading/img169.bmp,refimgs/cemetry.bmp,0.0,0.0,0.0
fast_fading,170,fastfading/img170.bmp,refimgs/manfishing.bmp,0.0,0.0,0.0
fast_fading,171,fastfading/img171.bmp,refimgs/sailing3.bmp,0.0,0.0,0.0
fast_fading,172,fastfading/img172.bmp,refimgs/churchandcapitol.bmp,0.0,0.0,0.0
fast_fading,173,fastfading/img173.bmp,refimgs/monarch.bmp,0.0,0.0,0.0
fast_fading,174,fastfading/img174.bmp,refimgs/sailing4.bmp,0.0,0.0,0.0
